intervention_id,order_id,intervention_type,intervention_at,initiated_by,reason,minutes_after_created,before_promised_eta,before_delivery
INT-00001,O00781,PRIORITY_DISPATCH,2026-08-22 12:57:00.000000,operations,late_risk,24.0,True,True
INT-00002,O01476,CUSTOMER_CREDIT,2026-08-01 23:46:36.200640,support,support_resolution,74.6,False,False
INT-00003,O00496,DRIVER_REASSIGNMENT,2026-08-04 15:09:00.000000,dispatch,slow_progress,19.0,True,True
INT-00004,O00681,RESTAURANT_CONTACT,2026-08-21 13:24:00.000000,support,status_stale,16.0,True,True
INT-00005,O01188,PRIORITY_DISPATCH,2026-08-08 14:39:00.000000,operations,late_risk,14.0,True,True
INT-00006,O00417,RESTAURANT_CONTACT,2026-08-16 11:41:00.000000,support,prep_delay,13.0,True,False
INT-00007,O01407,CUSTOMER_CREDIT,2026-08-02 13:26:18.000000,support,service_recovery,87.3,False,False
INT-00008,O00782,DRIVER_REASSIGNMENT,2026-08-25 19:02:00.000000,dispatch,driver_unavailable,8.0,True,True
INT-00009,O00973,DRIVER_REASSIGNMENT,2026-08-04 19:49:00.000000,dispatch,slow_progress,16.0,True,True
INT-00010,O00996,RESTAURANT_CONTACT,2026-08-26 21:08:00.000000,support,prep_delay,27.0,True,True
INT-00011,O00514,DRIVER_REASSIGNMENT,2026-08-10 11:45:00.000000,dispatch,driver_unavailable,12.0,True,True
INT-00012,O00432,PRIORITY_DISPATCH,2026-08-15 14:01:00.000000,operations,vip_customer,16.0,True,False
INT-00013,O00644,CUSTOMER_CREDIT,2026-08-25 00:08:24.000000,support,support_resolution,100.4,False,False
INT-00014,O01386,DRIVER_REASSIGNMENT,2026-08-11 17:04:00.000000,dispatch,driver_unavailable,27.0,True,True
INT-00015,O00526,PRIORITY_DISPATCH,2026-08-16 15:02:00.000000,operations,manual_ops_review,29.0,True,True
INT-00016,O01055,RESTAURANT_CONTACT,2026-08-28 12:27:00.000000,support,status_stale,30.0,True,True
INT-00017,O01528,PRIORITY_DISPATCH,2026-08-08 17:46:00.000000,operations,manual_ops_review,23.0,True,True
INT-00018,O00489,DRIVER_REASSIGNMENT,2026-08-19 13:13:00.000000,dispatch,slow_progress,17.0,True,True
INT-00019,O01559,RESTAURANT_CONTACT,2026-08-04 19:52:00.000000,support,status_stale,19.0,True,True
INT-00020,O01362,DRIVER_REASSIGNMENT,2026-08-10 20:34:00.000000,dispatch,driver_unavailable,26.0,True,True
INT-00021,O00135,PRIORITY_DISPATCH,2026-08-26 17:31:00.000000,operations,manual_ops_review,20.0,True,True
INT-00022,O01372,PRIORITY_DISPATCH,2026-08-16 17:17:00.000000,operations,late_risk,17.0,True,True
INT-00023,O00058,CUSTOMER_CREDIT,2026-08-05 21:23:02.914275,support,support_resolution,82.05,False,False
INT-00024,O00539,DRIVER_REASSIGNMENT,2026-08-06 14:42:00.000000,dispatch,driver_unavailable,8.0,True,True
INT-00025,O00993,RESTAURANT_CONTACT,2026-08-04 13:24:00.000000,support,customer_escalation,13.0,True,True
INT-00026,O00114,CUSTOMER_CREDIT,2026-08-03 20:21:48.000000,support,support_resolution,88.8,False,False
INT-00027,O00191,RESTAURANT_CONTACT,2026-08-09 22:54:00.000000,support,customer_escalation,29.0,True,True
INT-00028,O01322,DRIVER_REASSIGNMENT,2026-08-22 20:50:00.000000,dispatch,capacity_rebalance,13.0,True,True
INT-00029,O00990,DRIVER_REASSIGNMENT,2026-08-19 22:02:00.000000,dispatch,slow_progress,26.0,True,True
INT-00030,O00074,DRIVER_REASSIGNMENT,2026-08-20 18:22:00.000000,dispatch,slow_progress,15.0,True,True
INT-00031,O01018,RESTAURANT_CONTACT,2026-08-22 19:28:00.000000,support,prep_delay,17.0,True,True
INT-00032,O00209,PRIORITY_DISPATCH,2026-08-15 12:58:00.000000,operations,vip_customer,10.0,True,True
INT-00033,O01148,RESTAURANT_CONTACT,2026-08-04 18:38:00.000000,support,customer_escalation,27.0,True,True
INT-00034,O01225,DRIVER_REASSIGNMENT,2026-08-24 19:13:00.000000,dispatch,driver_unavailable,11.0,True,True
INT-00035,O00981,DRIVER_REASSIGNMENT,2026-08-22 18:59:00.000000,dispatch,driver_unavailable,9.0,True,True
INT-00036,O00791,DRIVER_REASSIGNMENT,2026-08-22 19:10:00.000000,dispatch,driver_unavailable,14.0,True,True
INT-00037,O00875,RESTAURANT_CONTACT,2026-08-10 23:45:00.000000,support,prep_delay,22.0,True,True
INT-00038,O00436,CUSTOMER_CREDIT,2026-08-26 21:25:14.832222,support,late_delivery,66.25,False,False
INT-00039,O01259,DRIVER_REASSIGNMENT,2026-08-17 17:28:00.000000,dispatch,slow_progress,19.0,True,True
INT-00040,O00464,DRIVER_REASSIGNMENT,2026-08-12 22:34:00.000000,dispatch,driver_unavailable,16.0,True,True
INT-00041,O00267,DRIVER_REASSIGNMENT,2026-08-08 17:48:00.000000,dispatch,capacity_rebalance,20.0,True,True
INT-00042,O00872,RESTAURANT_CONTACT,2026-08-18 18:40:00.000000,support,status_stale,14.0,True,True
INT-00043,O01251,DRIVER_REASSIGNMENT,2026-08-14 22:08:00.000000,dispatch,slow_progress,16.0,True,True
INT-00044,O00302,PRIORITY_DISPATCH,2026-08-20 20:11:00.000000,operations,late_risk,19.0,True,True
INT-00045,O00909,RESTAURANT_CONTACT,2026-08-19 17:50:00.000000,support,status_stale,33.0,True,True
INT-00046,O00218,RESTAURANT_CONTACT,2026-08-07 00:07:00.000000,support,prep_delay,20.0,True,True
INT-00047,O01545,DRIVER_REASSIGNMENT,2026-08-25 17:29:00.000000,dispatch,slow_progress,18.0,True,True
INT-00048,O01003,DRIVER_REASSIGNMENT,2026-08-15 12:56:00.000000,dispatch,capacity_rebalance,24.0,True,True
INT-00049,O00900,PRIORITY_DISPATCH,2026-08-24 11:32:00.000000,operations,vip_customer,28.0,True,True
INT-00050,O00825,DRIVER_REASSIGNMENT,2026-08-08 20:17:00.000000,dispatch,slow_progress,26.0,True,True
INT-00051,O01094,CUSTOMER_CREDIT,2026-08-05 13:47:30.215231,support,support_resolution,75.5,False,True
INT-00052,O00022,DRIVER_REASSIGNMENT,2026-08-26 11:55:00.000000,dispatch,driver_unavailable,21.0,True,True
INT-00053,O00796,DRIVER_REASSIGNMENT,2026-08-25 12:20:00.000000,dispatch,driver_unavailable,16.0,True,True
INT-00054,O01562,DRIVER_REASSIGNMENT,2026-08-15 11:44:00.000000,dispatch,slow_progress,25.0,True,True
INT-00055,O00700,PRIORITY_DISPATCH,2026-08-04 12:36:00.000000,operations,vip_customer,23.0,True,True
INT-00056,O00070,PRIORITY_DISPATCH,2026-08-26 21:22:00.000000,operations,late_risk,25.0,True,True
INT-00057,O00203,DRIVER_REASSIGNMENT,2026-08-01 22:08:00.000000,dispatch,slow_progress,26.0,True,True
INT-00058,O01286,DRIVER_REASSIGNMENT,2026-08-04 18:40:00.000000,dispatch,driver_unavailable,18.0,True,True
INT-00059,O01518,PRIORITY_DISPATCH,2026-08-15 14:03:00.000000,operations,vip_customer,11.0,True,True
INT-00060,O00241,RESTAURANT_CONTACT,2026-08-24 23:23:00.000000,support,customer_escalation,30.0,True,True
INT-00061,O00492,DRIVER_REASSIGNMENT,2026-08-26 17:21:00.000000,dispatch,driver_unavailable,12.0,True,False
INT-00062,O01247,DRIVER_REASSIGNMENT,2026-08-14 12:02:00.000000,dispatch,capacity_rebalance,18.0,True,True
INT-00063,O00852,PRIORITY_DISPATCH,2026-08-08 14:11:00.000000,operations,vip_customer,19.0,True,True
INT-00064,O00632,RESTAURANT_CONTACT,2026-08-14 18:51:00.000000,support,status_stale,15.0,True,True
INT-00065,O01453,DRIVER_REASSIGNMENT,2026-08-15 20:53:00.000000,dispatch,slow_progress,22.0,True,True
INT-00066,O01284,CUSTOMER_CREDIT,2026-08-12 22:04:48.000000,support,service_recovery,91.8,False,False
INT-00067,O00473,CUSTOMER_CREDIT,2026-08-14 20:30:48.000000,support,support_resolution,92.8,False,True
INT-00068,O00596,CUSTOMER_CREDIT,2026-08-08 13:29:06.000000,support,service_recovery,83.1,False,True
INT-00069,O01598,DRIVER_REASSIGNMENT,2026-08-18 20:38:00.000000,dispatch,capacity_rebalance,27.0,True,True
INT-00070,O01295,PRIORITY_DISPATCH,2026-08-15 17:17:00.000000,operations,vip_customer,28.0,True,True
INT-00071,O01487,DRIVER_REASSIGNMENT,2026-08-05 22:02:00.000000,dispatch,capacity_rebalance,9.0,True,True
INT-00072,O01240,RESTAURANT_CONTACT,2026-08-23 20:23:00.000000,support,customer_escalation,34.0,True,False
INT-00073,O01591,DRIVER_REASSIGNMENT,2026-08-12 13:02:00.000000,dispatch,capacity_rebalance,19.0,True,True
INT-00074,O00201,DRIVER_REASSIGNMENT,2026-08-12 19:35:00.000000,dispatch,driver_unavailable,17.0,True,True
INT-00075,O00480,PRIORITY_DISPATCH,2026-08-03 19:31:00.000000,operations,manual_ops_review,14.0,True,True
INT-00076,O00045,RESTAURANT_CONTACT,2026-08-14 13:29:00.000000,support,status_stale,21.0,True,True
INT-00077,O00569,DRIVER_REASSIGNMENT,2026-08-13 14:23:00.000000,dispatch,capacity_rebalance,10.0,True,False
INT-00078,O01001,DRIVER_REASSIGNMENT,2026-08-15 17:35:00.000000,dispatch,driver_unavailable,28.0,True,True
INT-00079,O01213,DRIVER_REASSIGNMENT,2026-08-03 12:44:00.000000,dispatch,driver_unavailable,10.0,True,True
INT-00080,O00091,RESTAURANT_CONTACT,2026-08-08 14:42:00.000000,support,prep_delay,20.0,True,True
INT-00081,O00717,PRIORITY_DISPATCH,2026-08-21 17:08:00.000000,operations,manual_ops_review,13.0,True,True
INT-00082,O00476,DRIVER_REASSIGNMENT,2026-08-04 18:47:00.000000,dispatch,capacity_rebalance,22.0,True,True
INT-00083,O00268,RESTAURANT_CONTACT,2026-08-18 18:37:00.000000,support,prep_delay,21.0,True,True
INT-00084,O01554,CUSTOMER_CREDIT,2026-08-03 23:21:48.000000,support,support_resolution,97.8,False,False
INT-00085,O00317,DRIVER_REASSIGNMENT,2026-08-12 18:12:00.000000,dispatch,driver_unavailable,28.0,True,True
INT-00086,O00452,PRIORITY_DISPATCH,2026-08-20 11:51:00.000000,operations,vip_customer,27.0,True,True
INT-00087,O00506,CUSTOMER_CREDIT,2026-08-08 20:22:52.391855,support,late_delivery,79.87,False,False
INT-00088,O00693,PRIORITY_DISPATCH,2026-08-18 13:06:00.000000,operations,late_risk,20.0,True,True
INT-00089,O01198,CUSTOMER_CREDIT,2026-08-25 19:18:36.000000,support,late_delivery,80.6,False,True
INT-00090,O00054,RESTAURANT_CONTACT,2026-08-28 20:28:00.000000,support,prep_delay,32.0,True,True
INT-00091,O01499,DRIVER_REASSIGNMENT,2026-08-07 20:21:00.000000,dispatch,slow_progress,16.0,True,True
INT-00092,O00475,DRIVER_REASSIGNMENT,2026-08-11 19:51:00.000000,dispatch,driver_unavailable,22.0,True,True
INT-00093,O00614,DRIVER_REASSIGNMENT,2026-08-12 22:42:00.000000,dispatch,slow_progress,9.0,True,True
INT-00094,O01078,DRIVER_REASSIGNMENT,2026-08-25 21:18:00.000000,dispatch,capacity_rebalance,8.0,True,False
INT-00095,O00553,RESTAURANT_CONTACT,2026-08-14 13:36:00.000000,support,customer_escalation,25.0,True,True
INT-00096,O01058,CUSTOMER_CREDIT,2026-08-14 21:14:08.930801,support,late_delivery,66.15,False,False
INT-00097,O00860,PRIORITY_DISPATCH,2026-08-17 21:50:00.000000,operations,late_risk,25.0,True,True
INT-00098,O00653,PRIORITY_DISPATCH,2026-08-10 17:48:00.000000,operations,manual_ops_review,20.0,True,True
INT-00099,O00554,DRIVER_REASSIGNMENT,2026-08-06 18:25:00.000000,dispatch,capacity_rebalance,25.0,True,True
INT-00100,O00588,DRIVER_REASSIGNMENT,2026-08-16 19:51:00.000000,dispatch,driver_unavailable,26.0,True,True
INT-00101,O00094,DRIVER_REASSIGNMENT,2026-08-19 17:08:00.000000,dispatch,capacity_rebalance,16.0,True,True
INT-00102,O00055,CUSTOMER_CREDIT,2026-08-16 14:12:48.000000,support,support_resolution,79.8,False,False
INT-00103,O01020,PRIORITY_DISPATCH,2026-08-08 20:21:00.000000,operations,late_risk,25.0,True,True
INT-00104,O00264,PRIORITY_DISPATCH,2026-08-23 19:40:00.000000,operations,late_risk,22.0,True,True
INT-00105,O00141,RESTAURANT_CONTACT,2026-08-27 13:28:00.000000,support,status_stale,33.0,True,True
INT-00106,O01217,RESTAURANT_CONTACT,2026-08-27 17:05:00.000000,support,status_stale,30.0,True,True
INT-00107,O01331,DRIVER_REASSIGNMENT,2026-08-28 23:30:00.000000,dispatch,slow_progress,13.0,True,True
INT-00108,O01267,CUSTOMER_CREDIT,2026-08-13 23:48:15.937529,support,service_recovery,80.27,False,True
INT-00109,O00915,CUSTOMER_CREDIT,2026-08-04 21:32:48.000000,support,support_resolution,84.8,False,False
INT-00110,O01161,DRIVER_REASSIGNMENT,2026-08-07 13:02:00.000000,dispatch,slow_progress,27.0,True,True
INT-00111,O01326,CUSTOMER_CREDIT,2026-08-23 15:13:48.000000,support,service_recovery,75.8,False,False
INT-00112,O00530,PRIORITY_DISPATCH,2026-08-16 12:54:00.000000,operations,vip_customer,27.0,True,True
INT-00113,O01151,PRIORITY_DISPATCH,2026-08-20 20:09:00.000000,operations,manual_ops_review,20.0,True,True
INT-00114,O00517,RESTAURANT_CONTACT,2026-08-20 15:36:00.000000,support,prep_delay,19.0,True,True
INT-00115,O00228,RESTAURANT_CONTACT,2026-08-07 13:06:00.000000,support,status_stale,24.0,True,True
INT-00116,O00890,RESTAURANT_CONTACT,2026-08-25 19:33:00.000000,support,customer_escalation,32.0,True,True
INT-00117,O01530,RESTAURANT_CONTACT,2026-08-28 13:57:00.000000,support,prep_delay,20.0,True,True
INT-00118,O00828,CUSTOMER_CREDIT,2026-08-18 21:20:18.000000,support,late_delivery,93.3,False,False
INT-00119,O00177,RESTAURANT_CONTACT,2026-08-02 12:25:00.000000,support,status_stale,12.0,True,True
INT-00120,O01496,CUSTOMER_CREDIT,2026-08-04 00:13:18.000000,support,late_delivery,102.3,False,False
INT-00121,O00115,DRIVER_REASSIGNMENT,2026-08-24 13:07:00.000000,dispatch,slow_progress,19.0,True,True
INT-00122,O01122,RESTAURANT_CONTACT,2026-08-16 21:34:00.000000,support,prep_delay,20.0,True,True
INT-00123,O00755,RESTAURANT_CONTACT,2026-08-24 20:29:00.000000,support,status_stale,15.0,True,True
INT-00124,O01112,CUSTOMER_CREDIT,2026-08-13 01:02:06.000000,support,service_recovery,92.1,False,False
INT-00125,O00543,RESTAURANT_CONTACT,2026-08-21 16:36:00.000000,support,prep_delay,17.0,True,True
INT-00126,O01556,CUSTOMER_CREDIT,2026-08-20 17:26:48.000000,support,support_resolution,89.8,False,True
INT-00127,O00954,DRIVER_REASSIGNMENT,2026-08-10 15:18:00.000000,dispatch,slow_progress,15.0,True,True
INT-00128,O00287,RESTAURANT_CONTACT,2026-08-09 18:53:00.000000,support,customer_escalation,14.0,True,True
INT-00129,O00412,PRIORITY_DISPATCH,2026-08-16 19:07:00.000000,operations,vip_customer,26.0,True,True
INT-00130,O01205,DRIVER_REASSIGNMENT,2026-08-18 23:31:00.000000,dispatch,capacity_rebalance,24.0,True,True
INT-00131,O01327,CUSTOMER_CREDIT,2026-08-18 23:44:18.000000,support,late_delivery,79.3,False,False
INT-00132,O01281,DRIVER_REASSIGNMENT,2026-08-21 12:30:00.000000,dispatch,slow_progress,15.0,True,True
INT-00133,O01072,RESTAURANT_CONTACT,2026-08-28 20:27:00.000000,support,prep_delay,16.0,True,True
INT-00134,O00084,PRIORITY_DISPATCH,2026-08-07 20:35:00.000000,operations,vip_customer,20.0,True,True
INT-00135,O01335,RESTAURANT_CONTACT,2026-08-21 18:56:00.000000,support,customer_escalation,26.0,True,True
INT-00136,O01008,DRIVER_REASSIGNMENT,2026-08-02 15:49:00.000000,dispatch,driver_unavailable,11.0,True,True
INT-00137,O01459,DRIVER_REASSIGNMENT,2026-08-04 18:57:00.000000,dispatch,driver_unavailable,16.0,True,True
INT-00138,O00350,DRIVER_REASSIGNMENT,2026-08-07 20:13:00.000000,dispatch,capacity_rebalance,20.0,True,True
INT-00139,O01192,PRIORITY_DISPATCH,2026-08-03 19:13:00.000000,operations,late_risk,14.0,True,True
INT-00140,O00320,PRIORITY_DISPATCH,2026-08-13 12:24:00.000000,operations,vip_customer,18.0,True,True
INT-00141,O00066,DRIVER_REASSIGNMENT,2026-08-13 17:32:00.000000,dispatch,slow_progress,11.0,True,True
INT-00142,O01117,CUSTOMER_CREDIT,2026-08-01 19:45:36.000000,support,support_resolution,85.6,False,False
INT-00143,O00757,PRIORITY_DISPATCH,2026-08-22 17:44:00.000000,operations,late_risk,28.0,True,True
INT-00144,O00739,PRIORITY_DISPATCH,2026-08-13 16:50:00.000000,operations,vip_customer,11.0,True,True
INT-00145,O00199,RESTAURANT_CONTACT,2026-08-15 17:50:00.000000,support,prep_delay,15.0,True,False
INT-00146,O00853,DRIVER_REASSIGNMENT,2026-08-04 11:53:00.000000,dispatch,driver_unavailable,11.0,True,True
INT-00147,O00298,DRIVER_REASSIGNMENT,2026-08-15 20:41:00.000000,dispatch,capacity_rebalance,13.0,True,True
INT-00148,O00635,PRIORITY_DISPATCH,2026-08-21 14:20:00.000000,operations,vip_customer,25.0,True,True
INT-00149,O00561,RESTAURANT_CONTACT,2026-08-18 22:11:00.000000,support,customer_escalation,20.0,True,True
INT-00150,O00769,DRIVER_REASSIGNMENT,2026-08-10 13:04:00.000000,dispatch,driver_unavailable,21.0,True,True
INT-00151,O00368,DRIVER_REASSIGNMENT,2026-08-17 00:04:00.000000,dispatch,slow_progress,12.0,True,True
INT-00152,O00652,DRIVER_REASSIGNMENT,2026-08-17 19:28:00.000000,dispatch,slow_progress,17.0,True,True
INT-00153,O00811,DRIVER_REASSIGNMENT,2026-08-25 17:34:00.000000,dispatch,driver_unavailable,11.0,True,True
INT-00154,O00923,CUSTOMER_CREDIT,2026-08-28 23:33:48.000000,support,service_recovery,82.8,False,False
INT-00155,O00174,PRIORITY_DISPATCH,2026-08-21 19:16:00.000000,operations,vip_customer,17.0,True,True
INT-00156,O01336,DRIVER_REASSIGNMENT,2026-08-23 18:36:00.000000,dispatch,capacity_rebalance,25.0,True,True
INT-00157,O00507,PRIORITY_DISPATCH,2026-08-17 20:28:00.000000,operations,late_risk,10.0,True,True
INT-00158,O00727,RESTAURANT_CONTACT,2026-08-28 22:03:00.000000,support,status_stale,27.0,True,True
INT-00159,O00749,PRIORITY_DISPATCH,2026-08-04 19:48:00.000000,operations,late_risk,21.0,True,True
INT-00160,O00102,RESTAURANT_CONTACT,2026-08-11 16:56:00.000000,support,customer_escalation,15.0,False,True
INT-00161,O00842,RESTAURANT_CONTACT,2026-08-26 13:17:00.000000,support,customer_escalation,35.0,True,True
INT-00162,O00939,PRIORITY_DISPATCH,2026-08-18 11:50:00.000000,operations,late_risk,17.0,True,True
INT-00163,O00142,DRIVER_REASSIGNMENT,2026-08-19 17:30:00.000000,dispatch,capacity_rebalance,13.0,True,True
INT-00164,O00599,DRIVER_REASSIGNMENT,2026-08-23 00:19:00.000000,dispatch,driver_unavailable,26.0,True,True
INT-00165,O01409,PRIORITY_DISPATCH,2026-08-16 17:20:00.000000,operations,late_risk,27.0,True,True
INT-00166,O00776,RESTAURANT_CONTACT,2026-08-21 20:44:00.000000,support,status_stale,27.0,True,True
INT-00167,O00028,RESTAURANT_CONTACT,2026-08-04 20:49:00.000000,support,customer_escalation,24.0,True,True
INT-00168,O00721,CUSTOMER_CREDIT,2026-08-23 16:00:03.249046,support,late_delivery,78.05,False,False
INT-00169,O00654,CUSTOMER_CREDIT,2026-08-28 21:29:36.000000,support,service_recovery,86.6,False,False
INT-00170,O00668,RESTAURANT_CONTACT,2026-08-09 18:35:00.000000,support,prep_delay,27.0,True,True
INT-00171,O00544,DRIVER_REASSIGNMENT,2026-08-13 17:18:00.000000,dispatch,driver_unavailable,11.0,True,True
INT-00172,O00951,DRIVER_REASSIGNMENT,2026-08-28 19:00:00.000000,dispatch,slow_progress,20.0,True,True
INT-00173,O00835,DRIVER_REASSIGNMENT,2026-08-14 13:06:00.000000,dispatch,slow_progress,23.0,True,True
INT-00174,O00338,RESTAURANT_CONTACT,2026-08-04 19:17:00.000000,support,customer_escalation,18.0,True,True
INT-00175,O01557,DRIVER_REASSIGNMENT,2026-08-20 22:07:00.000000,dispatch,driver_unavailable,23.0,True,True
INT-00176,O00767,DRIVER_REASSIGNMENT,2026-08-17 11:34:00.000000,dispatch,slow_progress,14.0,True,True
INT-00177,O01132,RESTAURANT_CONTACT,2026-08-19 18:31:00.000000,support,prep_delay,28.0,True,True
INT-00178,O00168,PRIORITY_DISPATCH,2026-08-12 19:11:00.000000,operations,vip_customer,21.0,True,True
INT-00179,O00193,RESTAURANT_CONTACT,2026-08-11 18:11:00.000000,support,prep_delay,34.0,True,True
INT-00180,O01401,RESTAURANT_CONTACT,2026-08-18 15:06:00.000000,support,customer_escalation,35.0,True,True
INT-00181,O01181,PRIORITY_DISPATCH,2026-08-28 13:11:00.000000,operations,vip_customer,26.0,True,True
INT-00182,O01471,CUSTOMER_CREDIT,2026-08-19 21:40:33.205772,support,service_recovery,84.55,False,False
INT-00183,O00871,RESTAURANT_CONTACT,2026-08-17 17:03:00.000000,support,customer_escalation,17.0,True,True
INT-00184,O00619,RESTAURANT_CONTACT,2026-08-24 19:57:00.000000,support,status_stale,26.0,True,True
INT-00185,O00079,PRIORITY_DISPATCH,2026-08-09 21:11:00.000000,operations,manual_ops_review,25.0,True,True
INT-00186,O01139,PRIORITY_DISPATCH,2026-08-14 17:41:00.000000,operations,vip_customer,30.0,True,True
INT-00187,O01347,DRIVER_REASSIGNMENT,2026-08-12 22:46:00.000000,dispatch,slow_progress,15.0,True,True
INT-00188,O00611,RESTAURANT_CONTACT,2026-08-06 21:16:00.000000,support,prep_delay,23.0,True,True
INT-00189,O00386,CUSTOMER_CREDIT,2026-08-11 14:09:14.265833,support,support_resolution,50.24,False,False
INT-00190,O00502,RESTAURANT_CONTACT,2026-08-21 20:25:00.000000,support,prep_delay,20.0,True,True
INT-00191,O00078,CUSTOMER_CREDIT,2026-08-25 20:53:06.000000,support,late_delivery,95.1,False,False
INT-00192,O00052,RESTAURANT_CONTACT,2026-08-24 17:30:00.000000,support,customer_escalation,23.0,True,True
INT-00193,O01206,PRIORITY_DISPATCH,2026-08-17 14:39:00.000000,operations,vip_customer,25.0,True,False
INT-00194,O00579,DRIVER_REASSIGNMENT,2026-08-14 12:48:00.000000,dispatch,slow_progress,8.0,True,True
INT-00195,O00819,DRIVER_REASSIGNMENT,2026-08-12 19:02:00.000000,dispatch,slow_progress,21.0,True,True
INT-00196,O00341,RESTAURANT_CONTACT,2026-08-24 13:53:00.000000,support,status_stale,12.0,True,False
INT-00197,O00454,PRIORITY_DISPATCH,2026-08-19 22:06:00.000000,operations,late_risk,17.0,True,True
INT-00198,O00140,DRIVER_REASSIGNMENT,2026-08-18 20:44:00.000000,dispatch,capacity_rebalance,21.0,True,True
INT-00199,O00389,DRIVER_REASSIGNMENT,2026-08-08 13:56:00.000000,dispatch,capacity_rebalance,13.0,True,True
INT-00200,O01356,RESTAURANT_CONTACT,2026-08-05 17:15:00.000000,support,prep_delay,27.0,True,True
INT-00201,O00204,DRIVER_REASSIGNMENT,2026-08-14 20:02:00.000000,dispatch,slow_progress,11.0,True,True
INT-00202,O01419,CUSTOMER_CREDIT,2026-08-19 19:54:50.031353,support,late_delivery,74.83,False,False
INT-00203,O00751,RESTAURANT_CONTACT,2026-08-25 20:54:00.000000,support,prep_delay,23.0,True,True
INT-00204,O00257,RESTAURANT_CONTACT,2026-08-20 14:59:00.000000,support,status_stale,23.0,True,True
INT-00205,O01393,CUSTOMER_CREDIT,2026-08-05 00:12:05.058857,support,support_resolution,53.08,False,False
INT-00206,O00878,RESTAURANT_CONTACT,2026-08-07 15:34:00.000000,support,customer_escalation,25.0,True,True
INT-00207,O00493,DRIVER_REASSIGNMENT,2026-08-01 13:17:00.000000,dispatch,slow_progress,28.0,True,True
INT-00208,O01305,DRIVER_REASSIGNMENT,2026-08-21 21:38:00.000000,dispatch,slow_progress,11.0,True,True
INT-00209,O00153,PRIORITY_DISPATCH,2026-08-07 23:33:00.000000,operations,vip_customer,24.0,True,True
INT-00210,O00399,PRIORITY_DISPATCH,2026-08-13 23:18:00.000000,operations,vip_customer,22.0,True,True
INT-00211,O01450,PRIORITY_DISPATCH,2026-08-11 20:50:00.000000,operations,manual_ops_review,15.0,True,True
INT-00212,O00027,DRIVER_REASSIGNMENT,2026-08-09 11:23:00.000000,dispatch,driver_unavailable,20.0,True,True
INT-00213,O01466,DRIVER_REASSIGNMENT,2026-08-12 19:53:00.000000,dispatch,slow_progress,13.0,True,True
INT-00214,O00666,CUSTOMER_CREDIT,2026-08-10 20:39:01.157591,support,support_resolution,87.02,False,True
INT-00215,O01113,RESTAURANT_CONTACT,2026-08-01 18:25:00.000000,support,customer_escalation,16.0,True,True
INT-00216,O00558,PRIORITY_DISPATCH,2026-08-24 18:51:00.000000,operations,late_risk,19.0,True,True
INT-00217,O00430,RESTAURANT_CONTACT,2026-08-23 18:43:00.000000,support,customer_escalation,35.0,True,True
INT-00218,O01408,DRIVER_REASSIGNMENT,2026-08-10 22:43:00.000000,dispatch,capacity_rebalance,27.0,True,True
INT-00219,O00918,RESTAURANT_CONTACT,2026-08-23 12:07:00.000000,support,status_stale,16.0,True,True
INT-00220,O00626,DRIVER_REASSIGNMENT,2026-08-02 12:17:00.000000,dispatch,slow_progress,9.0,True,True
INT-00221,O01572,DRIVER_REASSIGNMENT,2026-08-04 17:54:00.000000,dispatch,capacity_rebalance,12.0,True,True
INT-00222,O00408,PRIORITY_DISPATCH,2026-08-04 21:31:00.000000,operations,late_risk,30.0,True,True
INT-00223,O00640,DRIVER_REASSIGNMENT,2026-08-26 20:34:00.000000,dispatch,capacity_rebalance,11.0,True,True
INT-00224,O00138,RESTAURANT_CONTACT,2026-08-06 18:54:00.000000,support,status_stale,23.0,True,True
INT-00225,O01182,CUSTOMER_CREDIT,2026-08-11 19:33:48.000000,support,late_delivery,83.8,False,False
INT-00226,O01114,RESTAURANT_CONTACT,2026-08-28 15:48:00.000000,support,customer_escalation,23.0,True,True
INT-00227,O01007,RESTAURANT_CONTACT,2026-08-22 19:18:00.000000,support,prep_delay,20.0,True,True
INT-00228,O01423,DRIVER_REASSIGNMENT,2026-08-14 18:40:00.000000,dispatch,slow_progress,8.0,True,True
INT-00229,O00497,PRIORITY_DISPATCH,2026-08-13 19:36:00.000000,operations,late_risk,14.0,True,True
INT-00230,O00172,DRIVER_REASSIGNMENT,2026-08-04 16:48:00.000000,dispatch,capacity_rebalance,28.0,True,True
INT-00231,O00403,DRIVER_REASSIGNMENT,2026-08-16 22:58:00.000000,dispatch,capacity_rebalance,20.0,True,True
INT-00232,O00845,PRIORITY_DISPATCH,2026-08-16 18:49:00.000000,operations,manual_ops_review,25.0,True,True
INT-00233,O00754,RESTAURANT_CONTACT,2026-08-21 16:15:00.000000,support,prep_delay,25.0,True,True
INT-00234,O00008,CUSTOMER_CREDIT,2026-08-27 23:44:06.000000,support,service_recovery,82.1,False,True
INT-00235,O00947,DRIVER_REASSIGNMENT,2026-08-07 20:35:00.000000,dispatch,slow_progress,10.0,True,True
INT-00236,O01411,RESTAURANT_CONTACT,2026-08-11 12:22:00.000000,support,prep_delay,18.0,True,True
INT-00237,O00151,RESTAURANT_CONTACT,2026-08-08 18:37:00.000000,support,customer_escalation,30.0,True,True
INT-00238,O01187,PRIORITY_DISPATCH,2026-08-26 20:22:00.000000,operations,vip_customer,19.0,True,True
INT-00239,O00001,DRIVER_REASSIGNMENT,2026-08-13 13:08:00.000000,dispatch,driver_unavailable,12.0,True,True
INT-00240,O00428,DRIVER_REASSIGNMENT,2026-08-05 18:42:00.000000,dispatch,capacity_rebalance,8.0,True,True
INT-00241,O01594,CUSTOMER_CREDIT,2026-08-13 14:42:48.000000,support,support_resolution,94.8,False,True
INT-00242,O00540,CUSTOMER_CREDIT,2026-08-21 00:32:44.226468,support,service_recovery,72.74,False,False
INT-00243,O00746,CUSTOMER_CREDIT,2026-08-22 18:29:48.000000,support,service_recovery,90.8,False,True
INT-00244,O00162,CUSTOMER_CREDIT,2026-08-26 19:27:48.000000,support,support_resolution,94.8,False,False
INT-00245,O00704,PRIORITY_DISPATCH,2026-08-21 17:46:00.000000,operations,vip_customer,14.0,True,True
INT-00246,O00962,DRIVER_REASSIGNMENT,2026-08-11 21:47:00.000000,dispatch,slow_progress,8.0,True,True
INT-00247,O00585,DRIVER_REASSIGNMENT,2026-08-17 14:59:00.000000,dispatch,driver_unavailable,24.0,True,True
INT-00248,O01177,RESTAURANT_CONTACT,2026-08-07 18:16:00.000000,support,customer_escalation,20.0,True,True
INT-00249,O01510,PRIORITY_DISPATCH,2026-08-17 23:02:00.000000,operations,vip_customer,27.0,True,True
INT-00250,O00056,RESTAURANT_CONTACT,2026-08-10 19:57:00.000000,support,prep_delay,35.0,True,True
INT-00251,O00251,RESTAURANT_CONTACT,2026-08-28 15:41:00.000000,support,status_stale,27.0,True,True
INT-00252,O00026,DRIVER_REASSIGNMENT,2026-08-18 22:52:00.000000,dispatch,capacity_rebalance,8.0,True,True
INT-00253,O00732,RESTAURANT_CONTACT,2026-08-19 20:35:00.000000,support,status_stale,28.0,True,True
INT-00254,O01199,RESTAURANT_CONTACT,2026-08-14 13:04:00.000000,support,customer_escalation,24.0,True,True
INT-00255,O01119,RESTAURANT_CONTACT,2026-08-24 15:21:00.000000,support,customer_escalation,17.0,True,False
INT-00256,O00718,PRIORITY_DISPATCH,2026-08-25 17:35:00.000000,operations,vip_customer,16.0,True,True
INT-00257,O00702,DRIVER_REASSIGNMENT,2026-08-10 12:14:00.000000,dispatch,capacity_rebalance,21.0,True,True
INT-00258,O01138,RESTAURANT_CONTACT,2026-08-15 21:37:00.000000,support,status_stale,33.0,True,True
INT-00259,O00266,PRIORITY_DISPATCH,2026-08-10 20:49:00.000000,operations,vip_customer,18.0,True,True
INT-00260,O00695,CUSTOMER_CREDIT,2026-08-24 21:22:18.000000,support,support_resolution,86.3,False,False
INT-00261,O01221,DRIVER_REASSIGNMENT,2026-08-09 19:00:00.000000,dispatch,capacity_rebalance,28.0,True,True
INT-00262,O00891,DRIVER_REASSIGNMENT,2026-08-22 22:58:00.000000,dispatch,capacity_rebalance,9.0,True,True
INT-00263,O00690,PRIORITY_DISPATCH,2026-08-16 20:00:00.000000,operations,manual_ops_review,18.0,True,True
INT-00264,O00998,RESTAURANT_CONTACT,2026-08-16 15:34:00.000000,support,prep_delay,24.0,True,True
INT-00265,O01170,CUSTOMER_CREDIT,2026-08-05 22:01:36.000000,support,late_delivery,95.6,False,True
INT-00266,O00623,DRIVER_REASSIGNMENT,2026-08-20 23:10:00.000000,dispatch,driver_unavailable,14.0,True,True
INT-00267,O00799,CUSTOMER_CREDIT,2026-08-09 14:37:23.826486,support,support_resolution,63.4,False,True
INT-00268,O00101,CUSTOMER_CREDIT,2026-08-24 20:57:00.000000,support,support_resolution,-2.0,False,True
INT-00269,O00953,PRIORITY_DISPATCH,2026-08-13 13:15:00.000000,operations,manual_ops_review,27.0,True,True
INT-00270,O00630,RESTAURANT_CONTACT,2026-08-06 20:03:00.000000,support,customer_escalation,29.0,True,False
INT-00271,O01031,PRIORITY_DISPATCH,2026-08-10 20:41:00.000000,operations,vip_customer,27.0,True,True
INT-00272,O00965,RESTAURANT_CONTACT,2026-08-23 15:21:00.000000,support,status_stale,20.0,True,True
INT-00273,O00277,RESTAURANT_CONTACT,2026-08-06 19:04:00.000000,support,customer_escalation,26.0,True,True
INT-00274,O01071,PRIORITY_DISPATCH,2026-08-23 23:13:00.000000,operations,late_risk,30.0,True,True
INT-00275,O01012,DRIVER_REASSIGNMENT,2026-08-26 12:50:00.000000,dispatch,capacity_rebalance,27.0,True,True
INT-00276,O00280,DRIVER_REASSIGNMENT,2026-08-09 17:59:00.000000,dispatch,capacity_rebalance,22.0,True,True
INT-00277,O00351,RESTAURANT_CONTACT,2026-08-16 20:48:00.000000,support,customer_escalation,16.0,True,True
INT-00278,O00292,PRIORITY_DISPATCH,2026-08-05 16:59:00.000000,operations,late_risk,14.0,True,True
INT-00279,O00033,RESTAURANT_CONTACT,2026-08-06 23:55:00.000000,support,status_stale,28.0,True,True
INT-00280,O01332,PRIORITY_DISPATCH,2026-08-01 19:45:00.000000,operations,manual_ops_review,15.0,True,False
INT-00281,O01004,RESTAURANT_CONTACT,2026-08-01 11:39:00.000000,support,status_stale,12.0,True,True
INT-00282,O00431,PRIORITY_DISPATCH,2026-08-15 12:55:00.000000,operations,late_risk,12.0,True,True
INT-00283,O01578,PRIORITY_DISPATCH,2026-08-13 20:58:00.000000,operations,manual_ops_review,13.0,True,True
INT-00284,O00885,RESTAURANT_CONTACT,2026-08-18 20:50:00.000000,support,status_stale,16.0,True,True
INT-00285,O01301,RESTAURANT_CONTACT,2026-08-11 21:40:00.000000,support,prep_delay,26.0,True,True
INT-00286,O01374,RESTAURANT_CONTACT,2026-08-27 18:36:00.000000,support,customer_escalation,34.0,True,True
INT-00287,O01553,DRIVER_REASSIGNMENT,2026-08-27 22:00:00.000000,dispatch,driver_unavailable,17.0,True,True
INT-00288,O01115,DRIVER_REASSIGNMENT,2026-08-25 19:35:00.000000,dispatch,slow_progress,19.0,True,True
INT-00289,O01579,DRIVER_REASSIGNMENT,2026-08-28 17:44:00.000000,dispatch,capacity_rebalance,15.0,True,True
INT-00290,O01396,PRIORITY_DISPATCH,2026-08-11 19:14:00.000000,operations,late_risk,26.0,True,True
INT-00291,O01108,CUSTOMER_CREDIT,2026-08-03 17:38:20.173057,support,late_delivery,78.34,False,False
INT-00292,O01246,RESTAURANT_CONTACT,2026-08-15 17:55:00.000000,support,status_stale,34.0,True,True
INT-00293,O00779,RESTAURANT_CONTACT,2026-08-15 20:43:00.000000,support,customer_escalation,15.0,True,True
INT-00294,O00510,DRIVER_REASSIGNMENT,2026-08-26 19:18:00.000000,dispatch,slow_progress,13.0,True,True
INT-00295,O01566,RESTAURANT_CONTACT,2026-08-13 18:03:00.000000,support,prep_delay,24.0,True,True
INT-00296,O00986,DRIVER_REASSIGNMENT,2026-08-26 22:46:00.000000,dispatch,capacity_rebalance,15.0,True,True
INT-00297,O01360,RESTAURANT_CONTACT,2026-08-15 00:11:00.000000,support,customer_escalation,25.0,True,True
INT-00298,O00613,PRIORITY_DISPATCH,2026-08-01 19:26:00.000000,operations,vip_customer,24.0,True,True
INT-00299,O01068,RESTAURANT_CONTACT,2026-08-15 21:28:00.000000,support,status_stale,29.0,True,True
INT-00300,O00969,PRIORITY_DISPATCH,2026-08-23 17:49:00.000000,operations,late_risk,26.0,True,True
INT-00301,O01384,PRIORITY_DISPATCH,2026-08-27 11:55:00.000000,operations,late_risk,29.0,True,True
INT-00302,O01394,CUSTOMER_CREDIT,2026-08-21 21:59:08.693802,support,late_delivery,67.14,False,False
INT-00303,O00590,DRIVER_REASSIGNMENT,2026-08-03 16:12:00.000000,dispatch,capacity_rebalance,28.0,True,True
INT-00304,O00468,RESTAURANT_CONTACT,2026-08-25 19:33:00.000000,support,customer_escalation,14.0,True,True
INT-00305,O00466,PRIORITY_DISPATCH,2026-08-25 23:12:00.000000,operations,manual_ops_review,17.0,True,True
INT-00306,O00659,DRIVER_REASSIGNMENT,2026-08-27 19:36:00.000000,dispatch,slow_progress,17.0,True,True
INT-00307,O01248,DRIVER_REASSIGNMENT,2026-08-14 18:31:00.000000,dispatch,slow_progress,25.0,True,True
INT-00308,O01193,RESTAURANT_CONTACT,2026-08-03 13:25:00.000000,support,prep_delay,12.0,True,True
INT-00309,O01143,CUSTOMER_CREDIT,2026-08-02 22:28:06.000000,support,service_recovery,85.1,False,False
INT-00310,O00888,RESTAURANT_CONTACT,2026-08-08 13:14:00.000000,support,customer_escalation,25.0,True,True
INT-00311,O01025,PRIORITY_DISPATCH,2026-08-18 13:33:00.000000,operations,late_risk,16.0,True,True
INT-00312,O00940,DRIVER_REASSIGNMENT,2026-08-02 12:33:00.000000,dispatch,driver_unavailable,10.0,True,True
INT-00313,O00679,RESTAURANT_CONTACT,2026-08-09 12:35:00.000000,support,prep_delay,13.0,True,True
INT-00314,O01488,PRIORITY_DISPATCH,2026-08-10 13:21:00.000000,operations,manual_ops_review,13.0,True,False
INT-00315,O00808,PRIORITY_DISPATCH,2026-08-01 17:22:00.000000,operations,manual_ops_review,26.0,True,True
INT-00316,O00017,DRIVER_REASSIGNMENT,2026-08-24 21:02:00.000000,dispatch,slow_progress,11.0,True,False
INT-00317,O01462,PRIORITY_DISPATCH,2026-08-12 14:04:00.000000,operations,manual_ops_review,25.0,True,True
INT-00318,O00139,DRIVER_REASSIGNMENT,2026-08-19 12:11:00.000000,dispatch,capacity_rebalance,23.0,True,True
INT-00319,O01147,DRIVER_REASSIGNMENT,2026-08-03 18:25:00.000000,dispatch,driver_unavailable,22.0,True,True
INT-00320,O00975,PRIORITY_DISPATCH,2026-08-21 18:04:00.000000,operations,manual_ops_review,27.0,True,True
INT-00321,O00271,CUSTOMER_CREDIT,2026-08-10 19:17:03.000000,support,service_recovery,46.05,False,False
INT-00322,O00288,RESTAURANT_CONTACT,2026-08-09 20:31:00.000000,support,customer_escalation,33.0,True,True
INT-00323,O00296,DRIVER_REASSIGNMENT,2026-08-13 20:51:00.000000,dispatch,capacity_rebalance,13.0,True,True
INT-00324,O01446,PRIORITY_DISPATCH,2026-08-01 20:48:00.000000,operations,manual_ops_review,21.0,True,True
INT-00325,O00223,DRIVER_REASSIGNMENT,2026-08-14 21:34:00.000000,dispatch,driver_unavailable,21.0,True,True
INT-00326,O00409,DRIVER_REASSIGNMENT,2026-08-15 17:14:00.000000,dispatch,driver_unavailable,28.0,True,True
INT-00327,O00914,DRIVER_REASSIGNMENT,2026-08-07 22:35:00.000000,dispatch,slow_progress,8.0,True,True
INT-00328,O00301,CUSTOMER_CREDIT,2026-08-20 21:32:06.000000,support,support_resolution,92.1,False,True
INT-00329,O00278,PRIORITY_DISPATCH,2026-08-24 15:55:00.000000,operations,manual_ops_review,27.0,True,True
INT-00330,O00591,PRIORITY_DISPATCH,2026-08-16 23:47:00.000000,operations,manual_ops_review,27.0,True,True
INT-00331,O00445,CUSTOMER_CREDIT,2026-08-06 23:07:49.650682,support,service_recovery,76.83,False,False
INT-00332,O00884,DRIVER_REASSIGNMENT,2026-08-19 14:38:00.000000,dispatch,driver_unavailable,22.0,True,True
INT-00333,O00651,DRIVER_REASSIGNMENT,2026-08-05 15:21:00.000000,dispatch,capacity_rebalance,25.0,True,True
INT-00334,O00479,DRIVER_REASSIGNMENT,2026-08-13 22:29:00.000000,dispatch,slow_progress,22.0,True,False
INT-00335,O00550,RESTAURANT_CONTACT,2026-08-26 23:25:00.000000,support,customer_escalation,27.0,True,True
INT-00336,O00065,DRIVER_REASSIGNMENT,2026-08-21 13:52:00.000000,dispatch,driver_unavailable,14.0,True,True
INT-00337,O01404,PRIORITY_DISPATCH,2026-08-20 19:24:00.000000,operations,vip_customer,22.0,True,True
INT-00338,O00750,PRIORITY_DISPATCH,2026-08-09 22:11:00.000000,operations,manual_ops_review,25.0,True,True
INT-00339,O00198,RESTAURANT_CONTACT,2026-08-19 18:34:00.000000,support,customer_escalation,27.0,True,True
INT-00340,O00868,CUSTOMER_CREDIT,2026-08-02 12:40:24.000000,support,support_resolution,100.4,False,False
INT-00341,O00882,DRIVER_REASSIGNMENT,2026-08-26 19:45:00.000000,dispatch,driver_unavailable,24.0,True,True
INT-00342,O01000,PRIORITY_DISPATCH,2026-08-26 16:20:00.000000,operations,vip_customer,16.0,True,True
INT-00343,O01060,DRIVER_REASSIGNMENT,2026-08-26 15:22:00.000000,dispatch,capacity_rebalance,19.0,True,True
INT-00344,O00571,RESTAURANT_CONTACT,2026-08-10 22:04:00.000000,support,customer_escalation,20.0,True,True
INT-00345,O00772,PRIORITY_DISPATCH,2026-08-10 19:13:00.000000,operations,late_risk,23.0,True,False
INT-00346,O01397,PRIORITY_DISPATCH,2026-08-18 20:23:00.000000,operations,late_risk,10.0,True,True
INT-00347,O01456,CUSTOMER_CREDIT,2026-08-18 23:37:36.000000,support,late_delivery,89.6,False,False
INT-00348,O01266,RESTAURANT_CONTACT,2026-08-26 18:41:00.000000,support,status_stale,35.0,True,True
INT-00349,O01282,RESTAURANT_CONTACT,2026-08-23 21:05:00.000000,support,customer_escalation,25.0,True,True
INT-00350,O00967,RESTAURANT_CONTACT,2026-08-19 22:13:00.000000,support,status_stale,23.0,True,True
INT-00351,O01272,DRIVER_REASSIGNMENT,2026-08-22 19:14:00.000000,dispatch,driver_unavailable,8.0,True,True
INT-00352,O00171,DRIVER_REASSIGNMENT,2026-08-17 18:39:00.000000,dispatch,driver_unavailable,18.0,True,True
INT-00353,O01313,CUSTOMER_CREDIT,2026-08-28 22:21:36.000000,support,service_recovery,88.6,False,True
INT-00354,O00478,RESTAURANT_CONTACT,2026-08-11 20:58:00.000000,support,status_stale,15.0,True,True
INT-00355,O01600,DRIVER_REASSIGNMENT,2026-08-27 18:24:00.000000,dispatch,driver_unavailable,16.0,True,True
INT-00356,O00197,DRIVER_REASSIGNMENT,2026-08-24 18:51:00.000000,dispatch,driver_unavailable,18.0,True,True
INT-00357,O01141,DRIVER_REASSIGNMENT,2026-08-16 19:46:00.000000,dispatch,slow_progress,24.0,True,True
INT-00358,O01201,RESTAURANT_CONTACT,2026-08-26 15:28:00.000000,support,status_stale,24.0,True,True
INT-00359,O01002,RESTAURANT_CONTACT,2026-08-03 19:01:00.000000,support,status_stale,34.0,True,True
INT-00360,O01238,DRIVER_REASSIGNMENT,2026-08-26 18:43:00.000000,dispatch,slow_progress,11.0,True,True
INT-00361,O00563,CUSTOMER_CREDIT,2026-08-21 14:23:06.000000,support,late_delivery,93.1,False,True
INT-00362,O00896,DRIVER_REASSIGNMENT,2026-08-14 12:45:00.000000,dispatch,slow_progress,24.0,True,True
INT-00363,O00958,DRIVER_REASSIGNMENT,2026-08-28 22:32:00.000000,dispatch,slow_progress,17.0,True,False
INT-00364,O00985,DRIVER_REASSIGNMENT,2026-08-26 20:23:00.000000,dispatch,slow_progress,26.0,True,True
INT-00365,O00812,RESTAURANT_CONTACT,2026-08-05 16:35:00.000000,support,status_stale,34.0,True,True
INT-00366,O00488,PRIORITY_DISPATCH,2026-08-13 18:50:00.000000,operations,late_risk,20.0,True,False
INT-00367,O01210,PRIORITY_DISPATCH,2026-08-26 13:43:00.000000,operations,late_risk,25.0,True,True
INT-00368,O00928,CUSTOMER_CREDIT,2026-08-17 20:37:24.000000,support,support_resolution,104.4,False,False
INT-00369,O01536,CUSTOMER_CREDIT,2026-08-06 14:29:36.000000,support,service_recovery,83.6,False,False
INT-00370,O00459,RESTAURANT_CONTACT,2026-08-15 16:18:00.000000,support,prep_delay,27.0,True,True
INT-00371,O00556,DRIVER_REASSIGNMENT,2026-08-04 12:43:00.000000,dispatch,driver_unavailable,20.0,True,True
INT-00372,O00185,DRIVER_REASSIGNMENT,2026-08-27 17:48:00.000000,dispatch,slow_progress,17.0,True,True
INT-00373,O01500,CUSTOMER_CREDIT,2026-08-08 17:34:43.684835,support,service_recovery,77.73,False,False
INT-00374,O00385,RESTAURANT_CONTACT,2026-08-22 22:09:00.000000,support,status_stale,33.0,True,True
INT-00375,O00087,CUSTOMER_CREDIT,2026-08-06 21:02:48.000000,support,support_resolution,85.8,False,False
INT-00376,O01288,DRIVER_REASSIGNMENT,2026-08-27 22:00:00.000000,dispatch,slow_progress,23.0,True,False
INT-00377,O01277,CUSTOMER_CREDIT,2026-08-20 19:29:48.000000,support,late_delivery,91.8,False,False
INT-00378,O01412,RESTAURANT_CONTACT,2026-08-21 18:55:00.000000,support,prep_delay,28.0,True,False
INT-00379,O00126,PRIORITY_DISPATCH,2026-08-03 20:58:00.000000,operations,vip_customer,23.0,True,True
INT-00380,O00745,DRIVER_REASSIGNMENT,2026-08-25 19:55:00.000000,dispatch,capacity_rebalance,21.0,True,True
INT-00381,O00899,RESTAURANT_CONTACT,2026-08-14 16:12:00.000000,support,status_stale,34.0,True,True
INT-00382,O00552,PRIORITY_DISPATCH,2026-08-23 14:08:00.000000,operations,manual_ops_review,22.0,True,True
INT-00383,O01345,DRIVER_REASSIGNMENT,2026-08-02 19:24:00.000000,dispatch,driver_unavailable,14.0,True,True
INT-00384,O00226,DRIVER_REASSIGNMENT,2026-08-05 21:11:00.000000,dispatch,slow_progress,21.0,True,True
INT-00385,O01577,DRIVER_REASSIGNMENT,2026-08-23 18:50:00.000000,dispatch,capacity_rebalance,28.0,True,True
INT-00386,O00603,PRIORITY_DISPATCH,2026-08-15 19:51:00.000000,operations,vip_customer,18.0,True,True
INT-00387,O01157,DRIVER_REASSIGNMENT,2026-08-18 12:44:00.000000,dispatch,driver_unavailable,25.0,True,False
INT-00388,O01271,RESTAURANT_CONTACT,2026-08-21 19:21:00.000000,support,customer_escalation,20.0,True,True
INT-00389,O01318,CUSTOMER_CREDIT,2026-08-11 15:19:48.000000,support,late_delivery,91.8,False,False
INT-00390,O00024,CUSTOMER_CREDIT,2026-08-16 16:07:04.387462,support,support_resolution,76.07,False,False
INT-00391,O01475,DRIVER_REASSIGNMENT,2026-08-27 12:14:00.000000,dispatch,slow_progress,18.0,True,True
INT-00392,O01160,CUSTOMER_CREDIT,2026-08-18 00:12:48.000000,support,support_resolution,96.8,False,True
INT-00393,O00324,CUSTOMER_CREDIT,2026-08-22 19:09:56.818878,support,support_resolution,61.95,False,False
INT-00394,O00889,DRIVER_REASSIGNMENT,2026-08-13 21:01:00.000000,dispatch,capacity_rebalance,27.0,True,True
INT-00395,O00821,DRIVER_REASSIGNMENT,2026-08-28 11:44:00.000000,dispatch,driver_unavailable,27.0,True,True
INT-00396,O01189,DRIVER_REASSIGNMENT,2026-08-18 19:44:00.000000,dispatch,capacity_rebalance,23.0,True,True
INT-00397,O00862,DRIVER_REASSIGNMENT,2026-08-09 18:41:00.000000,dispatch,capacity_rebalance,15.0,True,True
INT-00398,O01550,DRIVER_REASSIGNMENT,2026-08-14 12:50:00.000000,dispatch,driver_unavailable,12.0,True,True
INT-00399,O00416,RESTAURANT_CONTACT,2026-08-24 00:13:00.000000,support,status_stale,19.0,True,True
INT-00400,O00243,DRIVER_REASSIGNMENT,2026-08-18 20:50:00.000000,dispatch,capacity_rebalance,20.0,True,True
INT-00401,O00220,PRIORITY_DISPATCH,2026-08-08 21:55:00.000000,operations,late_risk,13.0,True,True
INT-00402,O01200,DRIVER_REASSIGNMENT,2026-08-13 23:04:00.000000,dispatch,slow_progress,25.0,True,True
INT-00403,O00371,DRIVER_REASSIGNMENT,2026-08-04 21:09:00.000000,dispatch,slow_progress,10.0,True,True
INT-00404,O00714,RESTAURANT_CONTACT,2026-08-23 19:26:00.000000,support,prep_delay,15.0,True,True
INT-00405,O00777,DRIVER_REASSIGNMENT,2026-08-04 13:23:00.000000,dispatch,capacity_rebalance,26.0,True,True
INT-00406,O00673,DRIVER_REASSIGNMENT,2026-08-27 12:13:00.000000,dispatch,driver_unavailable,28.0,True,True
INT-00407,O01348,RESTAURANT_CONTACT,2026-08-04 21:10:00.000000,support,prep_delay,32.0,True,True
INT-00408,O00683,CUSTOMER_CREDIT,2026-08-10 13:21:48.000000,support,late_delivery,82.8,False,False
INT-00409,O00858,PRIORITY_DISPATCH,2026-08-02 19:08:00.000000,operations,late_risk,18.0,True,True
INT-00410,O01184,DRIVER_REASSIGNMENT,2026-08-04 22:20:00.000000,dispatch,slow_progress,26.0,True,True
INT-00411,O00011,DRIVER_REASSIGNMENT,2026-08-13 20:09:00.000000,dispatch,capacity_rebalance,12.0,True,True
INT-00412,O00618,RESTAURANT_CONTACT,2026-08-26 20:20:00.000000,support,prep_delay,15.0,True,True
INT-00413,O00429,DRIVER_REASSIGNMENT,2026-08-12 15:52:00.000000,dispatch,slow_progress,20.0,True,True
INT-00414,O01077,PRIORITY_DISPATCH,2026-08-19 21:43:00.000000,operations,late_risk,24.0,True,False
INT-00415,O01588,PRIORITY_DISPATCH,2026-08-20 18:29:00.000000,operations,manual_ops_review,18.0,True,True
INT-00416,O01378,PRIORITY_DISPATCH,2026-08-14 12:01:00.000000,operations,vip_customer,16.0,True,False
INT-00417,O00933,DRIVER_REASSIGNMENT,2026-08-20 13:10:00.000000,dispatch,driver_unavailable,24.0,True,True
INT-00418,O00335,PRIORITY_DISPATCH,2026-08-13 16:13:00.000000,operations,late_risk,10.0,True,True
INT-00419,O00261,DRIVER_REASSIGNMENT,2026-08-18 22:45:00.000000,dispatch,slow_progress,10.0,True,True
INT-00420,O01560,CUSTOMER_CREDIT,2026-08-10 17:24:47.737712,support,late_delivery,74.8,False,True
INT-00421,O01465,PRIORITY_DISPATCH,2026-08-01 22:43:00.000000,operations,late_risk,28.0,True,True
INT-00422,O00483,RESTAURANT_CONTACT,2026-08-10 14:41:00.000000,support,status_stale,17.0,True,True
INT-00423,O00281,DRIVER_REASSIGNMENT,2026-08-27 22:57:00.000000,dispatch,slow_progress,19.0,True,True
INT-00424,O01016,PRIORITY_DISPATCH,2026-08-17 14:05:00.000000,operations,manual_ops_review,19.0,True,True
INT-00425,O00358,RESTAURANT_CONTACT,2026-08-28 21:13:00.000000,support,prep_delay,20.0,True,True
INT-00426,O00360,RESTAURANT_CONTACT,2026-08-05 13:24:00.000000,support,prep_delay,17.0,True,True
INT-00427,O01352,RESTAURANT_CONTACT,2026-08-07 13:16:00.000000,support,prep_delay,25.0,True,True
INT-00428,O01023,RESTAURANT_CONTACT,2026-08-04 19:45:00.000000,support,customer_escalation,18.0,True,False
INT-00429,O00206,PRIORITY_DISPATCH,2026-08-24 15:33:00.000000,operations,late_risk,11.0,True,False
INT-00430,O00549,DRIVER_REASSIGNMENT,2026-08-27 00:20:00.000000,dispatch,driver_unavailable,28.0,True,True
