metric_id,metric,category,value,unit,numerator,denominator,population,definition,kpi_link,notes
M1,Late delivery rate (validated population),outcome,56.33,%,837.0,1486.0,"delivered orders with valid promised_eta + actual_delivery_at, passing chronology rules TS-01/02/03",late = actual_delivery_at - promised_eta > 0 min,PROJECT KPI,"cancelled orders excluded (Finance); delivered orders without a delivery timestamp are 'unknown', not on-time"
M1a,Late delivery rate (historical dashboard definition),outcome,56.39,%,843.0,1495.0,"delivered orders with non-null actual delivery time (Data Team definition, no chronology rules)",same formula as M1 on the historical population,PROJECT KPI (comparison),reproduces the leadership claim; differs from M1 only by the chronology-violating orders
M1b,Meaningfully late rate (> 10 min),outcome,23.15,%,344.0,1486.0,validated population,delay_min > 10,PROJECT KPI (Support Lead definition),
M1c,Late delivery rate (sensitivity: back-fill missing delivery time from driver telemetry),outcome,56.53,%,861.0,1523.0,validated population + delivered orders whose missing actual_delivery_at is back-filled from the driver 'delivered' event,delay computed on the back-filled timestamp,PROJECT KPI (sensitivity),37 orders back-filled; NOT the published number - needs Fleet Ops to confirm the driver event is authoritative
M2,Median lateness among late orders,outcome,8.0,min,,837.0,late orders in the validated population,median(delay_min | late),severity of the KPI,
M2a,P90 delay across all validated deliveries,outcome,17.9,min,,1486.0,validated population,90th percentile of delay_min (negative = early),severity of the KPI,
M2b,Worst single delay,outcome,50.3,min,,1486.0,validated population,max(delay_min),severity of the KPI,
M3,Share of lateness accumulated before pickup (vs in transit),workflow,98.91,%,13150.8,13296.1,late orders with Dispatch estimated_pickup_at (837 orders),"delay = (pickup_at - estimated_pickup_at) + ((actual - pickup) - (promised - estimated_pickup)); share = sum(max(pre-pickup overrun,0)) / sum(all positive overruns)",WHERE delay accumulates -> which stage to fix first,pre-pickup mixes restaurant prep and driver travel-to-restaurant: no 'arrived at restaurant' event exists to split them
M3a,Median pre-pickup overrun on late orders,workflow,13.9,min,,837.0,late orders with dispatch estimates,median(pickup_at - estimated_pickup_at),stage diagnosis,
M3b,Median transit overrun on late orders,workflow,-5.9,min,,837.0,late orders with dispatch estimates,median((actual - pickup) - (promised - estimated_pickup)),stage diagnosis,
M4,Support contact rate on late orders,interaction,30.7,%,257.0,837.0,late orders (validated population),order has a support ticket OR a SUPPORT_OPENED app action,customer impact of the KPI,on-time comparison: 5.24% of on-time orders had a support contact
M4a,Support contact rate on on-time orders,interaction,5.24,%,34.0,649.0,on-time orders,same definition as M4,baseline for M4,
M4b,Frustrated journeys with no intervention,interaction,218,orders,218.0,293.0,all orders with a support contact,support contact AND intervention_count == 0,missed opportunities for the ops team,
M4c,Median ETA views per order (late vs on-time),interaction,1 vs 1,views,,,validated population,median(eta_view_count),early-warning signal candidate,association only
M5,Intervention coverage of delivered orders,intervention,26.85,%,399.0,1486.0,validated population,orders with >= 1 intervention / orders,how much of the workflow the ops team touches,
M5a,Late rate WITH an intervention,intervention,56.39,%,225.0,399.0,validated orders with an intervention,late orders / orders (with intervention),does intervening coincide with better outcomes?,ASSOCIATION ONLY: interventions target late-risk orders (selection effect)
M5b,Late rate WITHOUT an intervention,intervention,56.3,%,612.0,1087.0,validated orders without an intervention,late orders / orders (no intervention),baseline for M5a,
M5c,Most common intervention type,intervention,DRIVER_REASSIGNMENT (155),type,155.0,430.0,all interventions,mode(intervention_type),what the ops team actually does,
