artifact,expected_sha256,actual_sha256,status
sql/orders_extract.csv,4c2e702ed8aead855f61d4f5c80499eed67757164926f60e4106e9ee1376ef18,4c2e702ed8aead855f61d4f5c80499eed67757164926f60e4106e9ee1376ef18,OK
sql/restaurants_extract.csv,0d2799652c1bfc1fc317c3b8bc9b47c7aba38ed3ddb457506b11e73bc766b341,0d2799652c1bfc1fc317c3b8bc9b47c7aba38ed3ddb457506b11e73bc766b341,OK
sql/drivers_extract.csv,f6c1d3a927228918cfc6dd5a55bf07a9365d3197b07c1a10e0f430b805e74d35,f6c1d3a927228918cfc6dd5a55bf07a9365d3197b07c1a10e0f430b805e74d35,OK
sql/customers_extract.csv,b44bbfd6388773b6faa724368905433de82e2758fc4fe059a64daaac81e4a83c,b44bbfd6388773b6faa724368905433de82e2758fc4fe059a64daaac81e4a83c,OK
files/support_tickets.csv,ee2f43a9d69e6643838c2ef8f22ed23f0d252326e283454307ba0df06123b632,ee2f43a9d69e6643838c2ef8f22ed23f0d252326e283454307ba0df06123b632,OK
files/restaurant_status.csv,6551c775e4ece7a1e5f84ff33144b6bc64ad36e978c0421094d5793dd8f853ca,6551c775e4ece7a1e5f84ff33144b6bc64ad36e978c0421094d5793dd8f853ca,OK
files/customer_app_actions.csv,154a6640ab936779af81704009b4e229ca5052759e4b210e2c084442ead6f8d3,154a6640ab936779af81704009b4e229ca5052759e4b210e2c084442ead6f8d3,OK
files/order_interventions.csv,d66af21244f9e1617abe2c51dce39dcad08fc6a308c8cbfbf189c7ba110c86e8,d66af21244f9e1617abe2c51dce39dcad08fc6a308c8cbfbf189c7ba110c86e8,OK
files/order_outcomes.csv,dbe10b2f532bbcff5ea6aa05e32487254ba5dc9da18cba6bc39a29e9a77d3dc9,dbe10b2f532bbcff5ea6aa05e32487254ba5dc9da18cba6bc39a29e9a77d3dc9,OK
files/driver_events.json,8102eaec0ec206bc35abadf196f99f2267816b020bfe37ab352fa3f26274ab49,8102eaec0ec206bc35abadf196f99f2267816b020bfe37ab352fa3f26274ab49,OK
files/client_metric_definitions.json,2c5e4e37f7dc636499d34d2e2397f6db3fc0b2bf99164c224fd681bd01e517b6,2c5e4e37f7dc636499d34d2e2397f6db3fc0b2bf99164c224fd681bd01e517b6,OK
api/dispatch_page_001.json,029c0a51bce03c7ce362b5e5d9bc481cefc17065685c60aaa43eab362466983d,029c0a51bce03c7ce362b5e5d9bc481cefc17065685c60aaa43eab362466983d,OK
api/dispatch_page_002.json,4e04f3e6aa10c9cec178e8ba7dd00eb7b8bbf93ab2b0b16030fc112535577b59,4e04f3e6aa10c9cec178e8ba7dd00eb7b8bbf93ab2b0b16030fc112535577b59,OK
api/dispatch_page_003.json,f03b6f6121de841c63f76dab4e0bbdd951a5a4535919bdc84f8ca4d307a73162,f03b6f6121de841c63f76dab4e0bbdd951a5a4535919bdc84f8ca4d307a73162,OK
api/dispatch_page_004.json,2eb32aeedca1b2f8a60eb985a9d3696268a3de4e0feb2f27e8f5ff21ae7fb43f,2eb32aeedca1b2f8a60eb985a9d3696268a3de4e0feb2f27e8f5ff21ae7fb43f,OK
api/dispatch_page_005.json,f33d7908216cea8c66faa93620096482d55d1d8bb58e9d5d64a729119813e94f,f33d7908216cea8c66faa93620096482d55d1d8bb58e9d5d64a729119813e94f,OK
api/dispatch_page_006.json,83511d18238e62ac0d37b81244e4d6d0cfaac00996367fd1286f89a56ef01b5c,83511d18238e62ac0d37b81244e4d6d0cfaac00996367fd1286f89a56ef01b5c,OK
api/dispatch_page_007.json,0a9ec78715079c641fa8a38a255e2719678c6bb4c1907b50e9a494e899b85719,0a9ec78715079c641fa8a38a255e2719678c6bb4c1907b50e9a494e899b85719,OK
api/dispatch_page_008.json,db9b4c78df4f64d7c9c10c718845b8f8084e6c823e906d35c85799f89818b686,db9b4c78df4f64d7c9c10c718845b8f8084e6c823e906d35c85799f89818b686,OK
api/dispatch_page_009.json,d73f51dd02654c494fc0d593fbc805a89d565b23983438916c7eac810e565e26,d73f51dd02654c494fc0d593fbc805a89d565b23983438916c7eac810e565e26,OK
api/dispatch_page_010.json,bf97904f16a958290388be64fcc5841ccf0c856190140366851fef38e543ec2f,bf97904f16a958290388be64fcc5841ccf0c856190140366851fef38e543ec2f,OK
api/dispatch_page_011.json,0294196062a28ec1f9d8fd4cf2d710da18a80f10c25efcc88eb03afbb969eedb,0294196062a28ec1f9d8fd4cf2d710da18a80f10c25efcc88eb03afbb969eedb,OK
api/dispatch_page_012.json,117b240b6e8192c8af17be4a5496b9cf86fc7a22eb60a41c9ab46292125f2c3a,117b240b6e8192c8af17be4a5496b9cf86fc7a22eb60a41c9ab46292125f2c3a,OK
api/dispatch_page_013.json,dbc3795b99752354754ad83fcc0d8d19c12fbc9e2a4f742b2755b92b05c1fc9e,dbc3795b99752354754ad83fcc0d8d19c12fbc9e2a4f742b2755b92b05c1fc9e,OK
api/dispatch_page_014.json,dff73b02b382bb90b994ee726c0fb2a6f90db0b8d3047f0f9459137b30cacaef,dff73b02b382bb90b994ee726c0fb2a6f90db0b8d3047f0f9459137b30cacaef,OK
api/dispatch_page_015.json,af52fa3b79a88acd302befcaa9200ff2dcf40295348a5335c4a901585d08685b,af52fa3b79a88acd302befcaa9200ff2dcf40295348a5335c4a901585d08685b,OK
api/dispatch_page_016.json,f9075203e478a96abe5e81bbf3cfe7a1f06772bdf39766e275348f87e4c2b7dd,f9075203e478a96abe5e81bbf3cfe7a1f06772bdf39766e275348f87e4c2b7dd,OK
external/open_meteo_archive.json,5fc4be7323364516f873bac1f97367075a85fd9b610496819c9da6598aed49a3,5fc4be7323364516f873bac1f97367075a85fd9b610496819c9da6598aed49a3,OK
