rule_id,rule,dataset,action,owner,status,violations,population,violation_pct,business_reason,detection,detail,sample_keys
GR-01,One row per business order,orders,correct,Data Team,WARN,0,409,0.0,Every KPI denominator counts orders; a repeated order would count twice.,order_id duplicated after cleaning (raw duplicates reported by the cleaning stage),raw duplicate rows removed by cleaning: 1 (corrected; conflicting copies kept in quarantine),[]
ID-01,order_id present and well-formed,orders,flag,Data Team,PASS,0,409,0.0,An order without an identifier cannot be joined to any other system.,null order_id (quarantined) or layout not matching the O##### pattern,0 rows quarantined for null order_id; 0 ids with a different layout (kept),[]
ID-02,orders.customer_id maps to a known customer,orders,flag,Data Team,PASS,0,409,0.0,Customer-level metrics and app-interaction joins need a real customer.,customer_id not in customers,"null=0, unknown=0",[]
ID-03,orders.restaurant_id maps to a known restaurant,orders,flag,Restaurant Ops,PASS,0,409,0.0,Restaurant attribution of delay is impossible for an unknown restaurant.,restaurant_id null or not in restaurants,"null=0, unknown=0",[]
ID-04,orders.driver_id maps to a known driver,orders,flag,Fleet Ops,PASS,0,409,0.0,Driver attribution and telemetry joins need a real driver.,driver_id null or not in drivers,"null=0, unknown=0",[]
ID-05,tickets.order_id maps to an order,tickets,flag,Support Lead,PASS,0,53,0.0,A complaint that cannot be tied to an order cannot be reconciled with the operational story.,order_id null or not in orders,"null=0, unknown=0",[]
ID-06,restaurant_status rows map to an order and agree on the restaurant,restaurant_status,flag,Restaurant Ops,PASS,0,120,0.0,Status events for a foreign order (another platform?) would corrupt restaurant metrics.,order_id not in orders OR restaurant_id differs from the order's restaurant,"unknown order=0, restaurant mismatch=0",[]
ID-07,app actions map to an order and its customer,app_actions,flag,Product / App,PASS,0,562,0.0,Customer interaction counts must belong to the right order.,order_id not in orders OR customer_id differs from the order's customer,"unknown order=0, customer mismatch=0",[]
ID-08,interventions map to an order,interventions,flag,Support Lead,PASS,0,111,0.0,An intervention without an order cannot be linked to an outcome.,order_id not in orders,,[]
ID-09,orders and Dispatch cover each other,orders,flag,Dispatch,PASS,0,409,0.0,Assignment/reassignment context comes only from Dispatch; missing coverage hides reassignments.,"order missing in dispatch, or dispatch record whose order is unknown",orders without dispatch record=0; dispatch records for unknown orders=0,[]
ID-10,driver events map to an order,driver_events,flag,Fleet Ops,PASS,0,2538,0.0,Telemetry for unknown orders cannot be used for pickup/delivery inference.,order_id not in orders,,[]
ST-01,final_status uses an agreed vocabulary,orders,flag,VP Operations,WARN,0,409,0.0,"The KPI counts 'delivered' orders only; a new status ('suspended', 'Delivered') would silently leave the population.","value not in {delivered, cancelled} after representation normalisation",representation fixes=2; unexpected values={}; semantic candidates (owner decision)={},[]
ST-02,traffic_bucket uses an agreed vocabulary,orders,flag,Operations,WARN,0,409,0.0,Traffic breakdowns need consistent buckets.,"value not in {low, medium, high, severe}",representation fixes=1; unexpected values={}; semantic candidates (owner decision)={},[]
ST-03,weather_bucket uses an agreed vocabulary,orders,flag,Operations,PASS,0,409,0.0,Weather breakdowns need consistent buckets.,"value not in {clear, rain, heavy_rain}",representation fixes=0; unexpected values={}; semantic candidates (owner decision)={},[]
ST-04,restaurant status uses an agreed vocabulary,restaurant_status,flag,Restaurant Ops,WARN,0,120,0.0,'handoff' vs 'handed_off' may be two systems or two meanings.,"value not in {preparing, ready, handed_off, unknown}",representation fixes=2; unexpected values={}; semantic candidates (owner decision)={'handoff': 'handed_off'},[]
ST-05,ticket category uses an agreed vocabulary,tickets,flag,Support Lead,WARN,0,53,0.0,Complaint mix by category drives the customer-view comparison.,value not in the six support categories,representation fixes=2; unexpected values={}; semantic candidates (owner decision)={'eta_issue': 'eta_changed'},[]
ST-06,app action_type uses an agreed vocabulary,app_actions,flag,Product / App,PASS,0,562,0.0,support_opened / cancel_attempted flags depend on it.,"value not in {ETA_VIEWED, SUPPORT_OPENED, CANCEL_ATTEMPTED}",representation fixes=0; unexpected values={}; semantic candidates (owner decision)={},[]
ST-07,intervention_type uses an agreed vocabulary,interventions,flag,Support Lead,PASS,0,111,0.0,Intervention metrics are grouped by type.,value not in the four intervention types,representation fixes=0; unexpected values={}; semantic candidates (owner decision)={},[]
ST-08,dispatch_status uses an agreed vocabulary,dispatch,flag,Dispatch,PASS,0,409,0.0,Cross-check of order status against Dispatch.,"value not in {completed, cancelled}",representation fixes=0; unexpected values={}; semantic candidates (owner decision)={},[]
ST-09,driver event type uses an agreed vocabulary,driver_events,flag,Fleet Ops,PASS,0,2538,0.0,Lifecycle reconstruction relies on assigned/picked_up/delivered.,"value not in {assigned, gps_ping, picked_up, delivered}",representation fixes=0; unexpected values={}; semantic candidates (owner decision)={},[]
TS-00,KPI timestamps are parseable,orders,reject,Data Team,PASS,0,409,0.0,Unparseable promised_eta / actual_delivery_at silently shrink the KPI population.,value present but not parseable as a datetime,"orders.created_at: unparseable=0, tz-aware=0; orders.promised_eta: unparseable=0, tz-aware=0; orders.pickup_at: unparseable=0, tz-aware=0; orders.actual_delivery_at: unparseable=0, tz-aware=0",[]
TS-01,Promised ETA is after order creation,orders,reject,Product / ETA service,WARN,2,409,0.49,A promise made before the order exists is not a promise; lateness against it is meaningless.,promised_eta < created_at,minutes early: [10.0],"['O00102', 'O00104']"
TS-02,Delivery happens after pickup,orders,reject,Fleet Ops,WARN,1,409,0.24,A delivery timestamp earlier than pickup means one of the two clocks is wrong.,actual_delivery_at < pickup_at,minutes before pickup: [5.0],['O00053']
TS-03,Pickup happens after order creation,orders,reject,Fleet Ops,PASS,0,409,0.0,Stage durations would be negative.,pickup_at < created_at,,[]
TS-04,Delivered orders carry an actual delivery time,orders,reject,Data Team / Fleet Ops,WARN,4,409,0.98,Without actual_delivery_at the order's lateness is unknown; excluding it biases the rate if the missing ones are not random.,final_status == delivered and actual_delivery_at is null,4 delivered orders lack actual_delivery_at; 4 of them have a driver 'delivered' event that could back-fill it (owner decision),"['O00488', 'O00672', 'O01014', 'O01311']"
TS-05,Cancelled orders carry no delivery time,orders,flag,Data Team,PASS,0,409,0.0,A cancelled order with a delivery time is a status bug.,final_status == cancelled and actual_delivery_at not null,,[]
TS-06,Dispatch chronology (created <= assigned <= reassigned),dispatch,flag,Dispatch,PASS,0,409,0.0,Assignment timing feeds the dispatch-wait stage.,assigned_at < created_at OR reassigned_at < assigned_at,,[]
TS-07,Driver-event chronology (assigned <= picked_up <= delivered),driver_events,flag,Fleet Ops,WARN,2,409,0.49,Telemetry used to recover missing delivery times must be internally consistent.,picked_up < assigned OR delivered < picked_up per order,"picked_up<assigned=2, delivered<picked_up=0","['O00647', 'O00908']"
RG-01,Delivery distance is plausible,orders,flag,Operations,PASS,0,409,0.0,A 999 km 'estimate' would distort any distance analysis.,distance <= 0 or > max_plausible_distance_km or null,"null=0, <=0=0, >50km=0",[]
RG-02,Restaurant coordinates are inside the service area,restaurants,flag,Restaurant Ops,WARN,2,60,3.33,Geo-based prep/travel inference is impossible with lat=95.,lat/lon outside the Bengaluru bounding box,"R007: (95.12, 77.694095); R019: (12.847954, 190.33)","['R007', 'R019']"
RG-03,GPS pings are inside the service area,driver_events,flag,Fleet Ops,WARN,42,1353,3.1,Outlier pings would corrupt any route/arrival inference.,lat/lon outside the Bengaluru bounding box,,"['O00009', 'O00145', 'O00319', 'O00359', 'O00447', 'O00450', 'O00657', 'O00679', 'O00887', 'O00889']"
RG-04,Driver attributes in range,drivers,flag,Fleet Ops,PASS,0,120,0.0,Sanity of the driver dimension.,rating outside 0-5 or experience_months < 0,,[]
CX-01,orders.driver_id agrees with Dispatch's final driver,orders,retain,Dispatch / Data Team,WARN,26,409,6.36,"If the orders table keeps the ORIGINAL driver after a reassignment, driver-level metrics blame the wrong person.",orders.driver_id != dispatch.driver_id,orders.driver_id equals dispatch ORIGINAL driver for 409 orders -> the orders table is not updated after reassignment; Dispatch is authoritative for the final driver,"['O00035', 'O00091', 'O00110', 'O00188', 'O00201', 'O00266', 'O00425', 'O00497', 'O00525', 'O00586']"
CX-02,orders.pickup_at agrees with the driver picked_up event,orders,retain,Fleet Ops,WARN,1,388,0.26,"Two systems, one fact - they should agree.",abs difference > 60 s,compared 388 orders,['O00053']
CX-03,Intervention log agrees with Dispatch reassignments,interventions,retain,Support Lead / Dispatch,WARN,66,68,97.06,"If DRIVER_REASSIGNMENT interventions do not appear in Dispatch (or vice versa), one log is incomplete.",orders with a DRIVER_REASSIGNMENT intervention vs orders with dispatch.reassigned_at,"dispatch reassigned=26, intervention DRIVER_REASSIGNMENT=44, in both=2, only in interventions=42, only in dispatch=24","['O00001', 'O00011', 'O00027', 'O00066', 'O00204', 'O00035', 'O00091', 'O00110', 'O00188', 'O00266']"
FR-01,Restaurant status updates are fresh enough for the intended use,restaurant_status,flag,Restaurant Ops,WARN,4,120,3.33,'ready' recorded after the driver already picked up is useless for live ETA and unfair for restaurant accountability.,"status in {ready, handed_off} with last_updated_at later than the order's pickup_at (+ SLA)",status rows joined=120 covering 120 of 409 orders (29.3%); ready/handed_off written >15 min after pickup=3; updated before order creation=1; median lag vs pickup=-7.3 min; timestamps have minute precision only,"['O00518', 'O00925', 'O01311', 'O01516']"
WX-01,Order weather label agrees with independently observed rainfall,orders+weather,retain,Operations / Data Team,WARN,198,409,48.41,"Operations attributes lateness to weather using weather_bucket; if the label does not match what actually fell from the sky, weather-based explanations and any model trained on the label are built on sand.",join each order's creation hour to Open-Meteo hourly precipitation for Bengaluru; compare labelled rain (rain/heavy_rain) with observed rain (> threshold mm); Cohen's kappa < 0.2 = no better than chance,"hours covered=100.0%; agreement=51.6%; Cohen's kappa=0.016; mean observed mm by label={'clear': 0.26, 'heavy_rain': 0.28, 'rain': 0.28}","['O00001', 'O00004', 'O00011', 'O00021', 'O00027', 'O00032', 'O00035', 'O00040', 'O00042', 'O00048']"
KPI-01,'Late' has one agreed definition and owner,orders,retain,VP Operations (proposed),UNKNOWN,0,0,0.0,Four stakeholders define late differently; publishing one number without an owner invites disputes.,client_metric_definitions.json lists conflicting definitions and no canonical owner,no canonical KPI owner documented; 4 stakeholder definitions found: VP Operations: Any delivered order after the promised ETA is late.; Support Lead: Only more than 10 minutes beyond ETA should count as meaningfully late.; Finance: Cancelled/refunded orders should not count in operational performance.; Data Team: Historical dashboard uses delivered orders with non-null actual delivery time.,[]
