customer_id,lat,lon
C0001,13.016349,77.581818
C0002,13.02995,77.735403
C0003,12.950505,77.572954
C0004,13.113871,77.665549
C0005,12.929305,77.644759
C0006,12.929851,77.551544
C0007,12.993398,77.417719
C0008,12.816202,77.542617
C0009,12.880354,77.623652
C0010,12.889796,77.464034
C0011,13.10364,77.573727
C0012,12.977684,77.462883
C0013,12.922557,77.604855
C0014,12.867907,77.629333
C0015,12.917488,77.567633
C0016,12.917392,77.765842
C0017,12.970384,77.496815
C0018,13.045703,77.481734
C0019,12.990417,77.41343
C0020,12.851944,77.6128
C0021,13.038129,77.610443
C0022,12.961181,77.566763
C0023,12.8384,77.528051
C0024,12.930101,77.69233
C0025,13.002557,77.431608
C0026,13.000797,77.558999
C0027,12.910616,77.651149
C0028,13.064483,77.680696
C0029,12.895995,77.566014
C0030,13.001444,77.684788
C0031,12.928431,77.577436
C0032,12.87193,77.484012
C0033,13.044801,77.719983
C0034,12.965113,77.687376
C0035,13.00418,77.534959
C0036,13.004158,77.73679
C0037,12.968372,77.73925
C0038,12.735587,77.670584
C0039,12.979442,77.566957
C0040,12.979867,77.410851
C0041,12.95181,77.627615
C0042,13.104744,77.546686
C0043,12.898763,77.548213
C0044,13.054069,77.624993
C0045,12.923874,77.642051
C0046,12.980346,77.684151
C0047,12.908352,77.564308
C0048,12.936275,77.459299
C0049,12.998278,77.618734
C0050,12.972061,77.572913
C0051,12.844089,77.555712
C0052,12.940725,77.52043
C0053,12.95707,77.631954
C0054,13.141527,77.61074
C0055,12.994803,77.587718
C0056,12.798738,77.592149
C0057,12.977026,77.822325
C0058,12.95427,77.622478
C0059,12.968473,77.486557
C0060,13.074557,77.664116
C0061,13.042864,77.510528
C0062,13.097978,77.465
C0063,13.02447,77.797106
C0064,12.882362,77.542246
C0065,12.980578,77.548054
C0066,12.831901,77.600939
C0067,12.875897,77.638383
C0068,12.888769,77.73789
C0069,12.901037,77.564826
C0070,13.04489,77.480808
C0071,12.992092,77.715444
C0072,12.826782,77.611669
C0073,12.995013,77.666879
C0074,12.860163,77.472525
C0075,13.018622,77.622056
C0076,12.994167,77.626629
C0077,12.910337,77.616072
C0078,12.998003,77.528559
C0079,13.139688,77.638406
C0080,12.864275,77.655298
C0081,12.883791,77.667365
C0082,13.075978,77.518729
C0083,13.058391,77.632761
C0084,13.045659,77.769957
C0085,12.949493,77.524918
C0086,12.891464,77.519179
C0087,12.964654,77.626139
C0088,12.996527,77.671072
C0089,12.972771,77.728978
C0090,12.947757,77.846078
C0091,13.027966,77.515356
C0092,12.875123,77.639204
C0093,12.951468,77.660609
C0094,13.014234,77.587867
C0095,12.895312,77.454553
C0096,12.931373,77.673773
C0097,12.990888,77.479432
C0098,12.987202,77.630222
C0099,12.891973,77.608812
C0100,12.976844,77.488933
C0101,13.003833,77.646444
C0102,13.069172,77.692023
C0103,12.847486,77.507899
C0104,13.018,77.642099
C0105,13.018001,77.950782
C0106,13.023032,77.699582
C0107,13.057546,77.654821
C0108,12.943197,77.664766
C0109,12.901976,77.572706
C0110,12.927874,77.602169
C0111,13.180128,77.421973
C0112,13.033425,77.445506
C0113,12.929084,77.695273
C0114,12.977391,77.494963
C0115,12.907158,77.657428
C0116,12.905801,77.614611
C0117,12.975706,77.53436
C0118,13.164748,77.653205
C0119,12.789155,77.611838
C0120,12.91198,77.673407
C0121,12.900202,77.583993
C0122,13.017094,77.674638
C0123,12.863465,77.563676
C0124,12.928812,77.5342
C0125,13.13065,77.63204
C0126,12.858007,77.679456
C0127,13.162785,77.690051
C0128,12.83472,77.549833
C0129,13.085736,77.529176
C0130,13.011584,77.666214
C0131,12.888093,77.589097
C0132,12.679594,77.499896
C0133,12.948846,77.479243
C0134,13.118664,77.462384
C0135,12.931956,77.606687
C0136,13.101444,77.461856
C0137,13.07639,77.595546
C0138,12.883176,77.637321
C0139,12.989533,77.53911
C0140,12.977888,77.558978
C0141,12.981827,77.655813
C0142,13.114484,77.480165
C0143,13.163765,77.414131
C0144,12.957926,77.648989
C0145,12.996915,77.537032
C0146,12.95285,77.549022
C0147,12.918504,77.673145
C0148,13.003764,77.530541
C0149,13.052645,77.62301
C0150,13.044831,77.652809
C0151,12.896916,77.542812
C0152,13.038924,77.651028
C0153,12.969717,77.605447
C0154,13.086705,77.53991
C0155,13.020888,77.575907
C0156,12.951989,77.696181
C0157,13.045962,77.669808
C0158,13.089211,77.596542
C0159,13.033037,77.565916
C0160,13.000804,77.582568
C0161,12.980338,77.649622
C0162,12.897886,77.78804
C0163,12.880968,77.482349
C0164,13.075934,77.667789
C0165,13.027827,77.65269
C0166,12.970497,77.511649
C0167,12.978429,77.531997
C0168,13.059449,77.581005
C0169,12.897231,77.564888
C0170,13.008801,77.542484
C0171,12.897526,77.617129
C0172,12.993669,77.547733
C0173,12.929164,77.616053
C0174,12.841142,77.464481
C0175,12.906875,77.574867
C0176,12.99961,77.730996
C0177,13.048867,77.579814
C0178,12.969887,77.501917
C0179,12.969932,77.567914
C0180,13.000674,77.518123
C0181,13.018388,77.736301
C0182,12.961802,77.631738
C0183,13.033775,77.557507
C0184,12.991789,77.595764
C0185,12.9804,77.523136
C0186,12.973808,77.64064
C0187,13.102334,77.683284
C0188,13.16558,77.523659
C0189,13.050187,77.61155
C0190,13.16888,77.519873
C0191,12.895949,77.539187
C0192,12.780258,77.545994
C0193,12.90321,77.608504
C0194,13.002389,77.768051
C0195,13.057224,77.541266
C0196,12.890662,77.640078
C0197,12.85266,77.763917
C0198,13.077856,77.551225
C0199,12.817264,77.719765
C0200,12.961281,77.709035
C0201,12.827958,77.539188
C0202,12.972072,77.598943
C0203,12.931054,77.652182
C0204,12.875418,77.581437
C0205,12.982437,77.642159
C0206,13.035709,77.490628
C0207,12.833392,77.71272
C0208,13.001538,77.525403
C0209,13.111343,77.605294
C0210,13.077843,77.600842
C0211,13.157253,77.75688
C0212,12.949171,77.684421
C0213,13.029742,77.721129
C0214,12.88467,77.658025
C0215,13.066954,77.432006
C0216,12.865,77.406074
C0217,12.947329,77.660936
C0218,13.106947,77.60145
C0219,13.118322,77.467011
C0220,12.818142,77.589465
C0221,13.0062,77.591577
C0222,12.785344,77.586361
C0223,12.85408,77.656511
C0224,13.004627,77.507709
C0225,12.925306,77.496676
C0226,12.965953,77.682902
C0227,12.882796,77.641199
C0228,12.923829,77.521299
C0229,12.961958,77.498893
C0230,12.921722,77.483857
C0231,13.148602,77.59786
C0232,12.908562,77.614382
C0233,12.96148,77.574172
C0234,13.02693,77.664631
C0235,12.923807,77.541366
C0236,12.946821,77.381789
C0237,12.835096,77.720967
C0238,13.119795,77.571577
C0239,13.023542,77.623375
C0240,13.248977,77.698104
C0241,12.960076,77.506261
C0242,12.826875,77.61341
C0243,12.90346,77.463114
C0244,12.91335,77.494612
C0245,13.123595,77.676107
C0246,12.970882,77.73142
C0247,12.97857,77.514975
C0248,13.108818,77.644422
C0249,12.878154,77.577003
C0250,12.892715,77.466761
C0251,13.055039,77.771124
C0252,12.845603,77.646646
C0253,12.912984,77.549566
C0254,12.918231,77.514725
C0255,12.975971,77.517779
C0256,12.995965,77.589956
C0257,12.950073,77.510696
C0258,12.919639,77.664435
C0259,13.016728,77.504226
C0260,12.980549,77.664065
C0261,12.821203,77.644833
C0262,12.911904,77.647351
C0263,12.902838,77.42774
C0264,12.824975,77.599045
C0265,12.994998,77.510997
C0266,13.029131,77.440994
C0267,12.965647,77.482642
C0268,12.912876,77.598982
C0269,12.894085,77.559048
C0270,13.062257,77.541267
C0271,13.046888,77.490159
C0272,13.01933,77.727872
C0273,12.748929,77.520928
C0274,13.023588,77.575829
C0275,13.005037,77.538762
C0276,12.979401,77.580208
C0277,13.076806,77.618121
C0278,13.002015,77.556522
C0279,12.927672,77.55461
C0280,13.007136,77.55568
C0281,12.997706,77.786469
C0282,13.05008,77.564459
C0283,13.079817,77.556874
C0284,12.787985,77.501403
C0285,12.80306,77.562103
C0286,12.973259,77.749585
C0287,13.001053,77.574344
C0288,13.046321,77.390182
C0289,12.992827,77.665866
C0290,12.838394,77.700339
C0291,13.002095,77.556207
C0292,13.028607,77.804524
C0293,12.987984,77.617548
C0294,12.930216,77.516033
C0295,13.046405,77.515456
C0296,12.978047,77.550441
C0297,13.014751,77.625447
C0298,13.065072,77.547449
C0299,12.947287,77.504114
C0300,12.931574,77.629481
C0301,13.039797,77.509346
C0302,13.049943,77.719928
C0303,13.008846,77.768108
C0304,12.901889,77.479533
C0305,12.811355,77.732908
C0306,13.030552,77.589461
C0307,12.996822,77.490549
C0308,13.191938,77.606546
C0309,12.981455,77.661697
C0310,13.014934,77.615298
C0311,12.900386,77.638187
C0312,13.141152,77.718983
C0313,13.11513,77.547338
C0314,12.882446,77.582971
C0315,12.97662,77.695757
C0316,12.819126,77.736006
C0317,12.957365,77.555135
C0318,12.880419,77.44161
C0319,13.04576,77.601378
C0320,12.855387,77.474871
C0321,12.941349,77.7489
C0322,12.948213,77.455636
C0323,12.949461,77.569387
C0324,12.728637,77.58958
C0325,12.950795,77.658964
C0326,13.138173,77.69875
C0327,12.947376,77.492302
C0328,13.203434,77.600075
C0329,12.972855,77.59237
C0330,12.989445,77.581254
C0331,12.919919,77.544043
C0332,12.968649,77.544361
C0333,12.90738,77.604439
C0334,12.948629,77.733643
C0335,12.732774,77.695509
C0336,13.08386,77.402917
C0337,12.940727,77.560261
C0338,12.844797,77.522691
C0339,12.871548,77.756596
C0340,13.055895,77.712154
C0341,13.036616,77.49022
C0342,12.924346,77.639842
C0343,12.861498,77.660516
C0344,12.949949,77.559948
C0345,13.03565,77.635672
C0346,12.939081,77.701779
C0347,12.874207,77.651543
C0348,13.025033,77.565983
C0349,13.000981,77.478935
C0350,13.054846,77.577506
C0351,12.924508,77.69158
C0352,12.908146,77.464389
C0353,12.831363,77.650625
C0354,12.856246,77.756829
C0355,12.784039,77.751436
C0356,12.990611,77.585659
C0357,12.922508,77.6315
C0358,12.968209,77.696599
C0359,12.981891,77.608495
C0360,12.938842,77.589335
C0361,12.99933,77.436496
C0362,12.850142,77.663314
C0363,12.986993,77.577591
C0364,12.973261,77.626734
C0365,12.922973,77.522646
C0366,12.989244,77.50415
C0367,13.00838,77.437197
C0368,13.064317,77.638291
C0369,12.994666,77.685449
C0370,13.121643,77.688378
C0371,12.805755,77.476304
C0372,12.91531,77.597012
C0373,13.018236,77.527506
C0374,12.988426,77.524765
C0375,12.916508,77.464555
C0376,12.888426,77.469638
C0377,12.883683,77.692008
C0378,12.886069,77.837962
C0379,13.016043,77.611688
C0380,12.89427,77.659343
C0381,12.919741,77.60588
C0382,13.202238,77.585719
C0383,13.075138,77.529592
C0384,12.968448,77.758309
C0385,12.915116,77.76216
C0386,13.035361,77.5426
C0387,13.028574,77.684512
C0388,13.027619,77.449434
C0389,12.906092,77.571717
C0390,12.964894,77.651981
C0391,12.987609,77.471148
C0392,13.005852,77.651048
C0393,13.022032,77.694517
C0394,13.046728,77.637051
C0395,12.965279,77.441045
C0396,13.010304,77.613801
C0397,12.996067,77.476566
C0398,12.874208,77.691963
C0399,12.968036,77.657604
C0400,12.974151,77.597351
C0401,13.05613,77.546892
C0402,12.98026,77.551863
C0403,12.932456,77.566017
C0404,12.991612,77.55034
C0405,13.084731,77.511894
C0406,12.954765,77.553947
C0407,13.101958,77.612771
C0408,13.064559,77.457261
C0409,12.995659,77.676846
C0410,12.979013,77.693103
C0411,12.924997,77.724893
C0412,13.178708,77.561056
C0413,12.931465,77.728964
C0414,13.113904,77.546262
C0415,12.933745,77.568549
C0416,12.850478,77.509671
C0417,12.881137,77.523618
C0418,12.968475,77.616253
C0419,13.111285,77.502303
C0420,13.060278,77.574817
C0421,12.967144,77.656987
C0422,12.870454,77.629953
C0423,12.986596,77.640127
C0424,12.997651,77.821591
C0425,12.914146,77.54551
C0426,12.915461,77.543247
C0427,12.914178,77.704524
C0428,13.099573,77.541835
C0429,12.896613,77.638182
C0430,12.92185,77.653114
C0431,12.989881,77.454471
C0432,13.111015,77.760628
C0433,12.916394,77.558757
C0434,12.997354,77.62552
C0435,13.030928,77.780442
C0436,12.955659,77.520798
C0437,12.847337,77.527026
C0438,12.968616,77.760506
C0439,12.924968,77.615289
C0440,12.97012,77.704466
C0441,13.199252,77.545522
C0442,12.927506,77.691132
C0443,13.033032,77.765327
C0444,13.024206,77.561384
C0445,13.024812,77.697099
C0446,13.045517,77.641497
C0447,13.067697,77.702701
C0448,13.096119,77.654573
C0449,12.956544,77.608164
C0450,13.080295,77.519075
C0451,13.004814,77.558236
C0452,12.97419,77.712792
C0453,12.988816,77.598893
C0454,12.84909,77.663591
C0455,13.029752,77.794591
C0456,12.943872,77.61486
C0457,12.994067,77.740434
C0458,12.963015,77.620395
C0459,13.026365,77.611852
C0460,12.931381,77.612543
C0461,13.068324,77.499699
C0462,12.983579,77.529874
C0463,13.079262,77.453782
C0464,12.921247,77.629473
C0465,13.112638,77.588521
C0466,12.921582,77.768512
C0467,12.841148,77.391322
C0468,13.011241,77.548185
C0469,12.879597,77.660087
C0470,12.993564,77.542451
C0471,12.856257,77.675258
C0472,13.030177,77.585431
C0473,13.137964,77.495671
C0474,12.834165,77.530634
C0475,12.967493,77.617097
C0476,12.949867,77.627147
C0477,12.858849,77.728075
C0478,12.964199,77.697893
C0479,13.002476,77.636826
C0480,13.02293,77.63599
C0481,13.029503,77.717479
C0482,12.989305,77.660147
C0483,12.963516,77.727738
C0484,12.910664,77.761096
C0485,12.967982,77.462326
C0486,12.983141,77.531637
C0487,13.047334,77.534265
C0488,12.931403,77.419913
C0489,12.930852,77.370514
C0490,12.828906,77.6649
C0491,13.042393,77.633933
C0492,12.884485,77.590189
C0493,12.971275,77.48751
C0494,13.107041,77.675711
C0495,12.951693,77.597086
C0496,12.990373,77.405843
C0497,12.949332,77.531551
C0498,12.881364,77.568612
C0499,13.133554,77.653845
C0500,12.920142,77.647535
C0501,13.097668,77.680082
C0502,12.976972,77.534791
C0503,13.034503,77.630977
C0504,13.052248,77.653321
C0505,13.066154,77.545118
C0506,13.090284,77.612868
C0507,13.15856,77.530885
C0508,13.127993,77.612897
C0509,12.912914,77.549865
C0510,12.94274,77.633814
C0511,13.018702,77.541562
C0512,12.969406,77.792651
C0513,13.127235,77.634938
C0514,12.975024,77.605697
C0515,13.026872,77.500044
C0516,12.948413,77.440341
C0517,13.007566,77.654433
C0518,12.92807,77.740114
C0519,12.861171,77.45922
C0520,12.991821,77.691403
C0521,13.123305,77.552176
C0522,13.068778,77.59104
C0523,12.956048,77.676294
C0524,13.030368,77.448864
C0525,13.104622,77.722188
C0526,12.915243,77.631192
C0527,13.016107,77.618699
C0528,12.922023,77.532509
C0529,12.969298,77.703018
C0530,13.020573,77.560337
C0531,13.041122,77.331254
C0532,13.075092,77.433765
C0533,12.938948,77.491087
C0534,12.854962,77.701918
C0535,12.929465,77.626634
C0536,12.967373,77.638702
C0537,12.978521,77.475988
C0538,13.061354,77.548953
C0539,12.831367,77.555021
C0540,13.106804,77.673202
C0541,12.94019,77.562311
C0542,12.942624,77.786594
C0543,13.006009,77.634357
C0544,13.064418,77.616676
C0545,12.948263,77.576448
C0546,12.965149,77.591159
C0547,13.037152,77.599402
C0548,13.037604,77.587138
C0549,12.978684,77.409868
C0550,13.054152,77.626633
C0551,13.061511,77.326843
C0552,13.159742,77.581695
C0553,13.071436,77.498461
C0554,13.026805,77.497213
C0555,12.915405,77.771551
C0556,12.954421,77.614702
C0557,13.049984,77.640425
C0558,12.985151,77.62834
C0559,13.188124,77.589273
C0560,12.989717,77.691732
C0561,13.071197,77.70434
C0562,13.029143,77.48893
C0563,13.118756,77.488621
C0564,12.998864,77.524868
C0565,12.965822,77.624994
C0566,13.000551,77.633606
C0567,13.116979,77.636529
C0568,12.949604,77.683729
C0569,13.07876,77.481109
C0570,13.02542,77.659423
C0571,12.944792,77.721783
C0572,12.958081,77.606209
C0573,12.956008,77.59604
C0574,12.872836,77.461468
C0575,13.115249,77.516299
C0576,12.882285,77.395521
C0577,12.914036,77.472281
C0578,13.119529,77.687957
C0579,12.909604,77.802836
C0580,13.060047,77.56457
C0581,12.746428,77.806396
C0582,12.846413,77.442484
C0583,13.063723,77.820153
C0584,13.096309,77.646733
C0585,13.025181,77.673498
C0586,13.039972,77.620596
C0587,12.980987,77.588813
C0588,12.903675,77.568652
C0589,12.819081,77.585509
C0590,12.882538,77.492574
C0591,12.987807,77.72329
C0592,13.054331,77.449408
C0593,12.882444,77.681574
C0594,12.883088,77.573833
C0595,13.021154,77.505077
C0596,12.981093,77.47127
C0597,12.917423,77.624164
C0598,12.828087,77.635322
C0599,12.969831,77.645677
C0600,12.991772,77.720714
C0601,12.982881,77.554902
C0602,12.982618,77.644828
C0603,12.976002,77.598353
C0604,12.908358,77.533315
C0605,12.845239,77.756347
C0606,12.85954,77.530541
C0607,12.906879,77.677335
C0608,12.945028,77.709953
C0609,12.910925,77.620393
C0610,12.896344,77.792917
C0611,12.864609,77.623243
C0612,13.028697,77.632855
C0613,12.954907,77.582598
C0614,12.975547,77.58101
C0615,13.058436,77.798961
C0616,12.921376,77.467963
C0617,12.963647,77.833092
C0618,12.899197,77.746135
C0619,13.122744,77.543421
C0620,13.02286,77.745144
C0621,12.937444,77.575779
C0622,12.919196,77.500786
C0623,12.913107,77.481448
C0624,12.974671,77.523417
C0625,12.992662,77.450759
C0626,13.001409,77.671659
C0627,12.791984,77.629181
C0628,13.082201,77.48277
C0629,13.122282,77.633338
C0630,12.908085,77.589444
C0631,13.0219,77.601627
C0632,13.020137,77.509484
C0633,12.986858,77.463903
C0634,12.96158,77.511034
C0635,12.905336,77.708876
C0636,13.069916,77.650914
C0637,12.873193,77.565348
C0638,13.080888,77.607702
C0639,13.180549,77.630962
C0640,12.988902,77.566022
C0641,12.983631,77.580504
C0642,13.035394,77.683046
C0643,12.90079,77.471528
C0644,12.806176,77.641563
C0645,12.872198,77.395567
C0646,13.006607,77.825076
C0647,12.971053,77.672118
C0648,12.978972,77.585458
C0649,13.0544,77.567764
C0650,12.995689,77.624341
C0651,12.911412,77.686314
C0652,12.955838,77.524732
C0653,13.019934,77.511537
C0654,12.974139,77.593757
C0655,13.069428,77.638486
C0656,12.969345,77.670202
C0657,13.096844,77.646169
C0658,12.972533,77.473322
C0659,12.875644,77.566382
C0660,12.916689,77.577315
C0661,12.976704,77.64357
C0662,12.965249,77.639577
C0663,12.977409,77.41197
C0664,12.886975,77.581279
C0665,12.862618,77.650063
C0666,13.109505,77.707274
C0667,12.952371,77.732417
C0668,12.984993,77.563437
C0669,12.916338,77.566637
C0670,12.936629,77.610355
C0671,12.986066,77.594882
C0672,13.010964,77.704674
C0673,13.057145,77.457322
C0674,12.741517,77.680977
C0675,12.848458,77.573821
C0676,12.866184,77.428008
C0677,13.02038,77.664783
C0678,12.919662,77.35506
C0679,12.922389,77.630822
C0680,12.838365,77.611551
C0681,12.970221,77.648155
C0682,12.982373,77.50464
C0683,13.079399,77.579944
C0684,12.96914,77.50832
C0685,12.931665,77.512801
C0686,12.956019,77.752846
C0687,12.848005,77.445427
C0688,13.104138,77.575248
C0689,12.911323,77.690738
C0690,12.91704,77.763413
C0691,13.032674,77.549493
C0692,13.165952,77.538602
C0693,13.038455,77.622269
C0694,13.088874,77.738961
C0695,12.974483,77.524947
C0696,13.013039,77.531946
C0697,13.152986,77.607223
C0698,12.938688,77.611674
C0699,12.850237,77.504775
C0700,13.079745,77.533871
C0701,12.877284,77.644213
C0702,13.07842,77.661067
C0703,13.061334,77.524635
C0704,12.843509,77.733397
C0705,12.94253,77.571411
C0706,13.091257,77.646023
C0707,13.012671,77.794753
C0708,12.913625,77.680378
C0709,12.976736,77.619431
C0710,13.1093,77.641549
C0711,13.020095,77.693753
C0712,12.938721,77.517016
C0713,12.877473,77.412812
C0714,13.156844,77.492609
C0715,12.951667,77.569009
C0716,12.999294,77.670014
C0717,13.04912,77.540695
C0718,12.956544,77.620724
C0719,12.949195,77.743198
C0720,13.015832,77.662539
C0721,13.031319,77.703087
C0722,12.987908,77.474709
C0723,13.007608,77.534383
C0724,12.923977,77.648809
C0725,13.083157,77.596567
C0726,12.999423,77.751969
C0727,12.993289,77.835124
C0728,13.022547,77.431819
C0729,13.039469,77.629838
C0730,13.087794,77.656835
C0731,12.959126,77.481415
C0732,12.952769,77.51597
C0733,12.919301,77.649014
C0734,13.122042,77.631087
C0735,12.863863,77.635703
C0736,13.079405,77.538226
C0737,12.959526,77.595958
C0738,12.900888,77.654533
C0739,12.960704,77.633385
C0740,12.891646,77.554157
C0741,13.036679,77.560132
C0742,13.127182,77.557654
C0743,12.991842,77.680817
C0744,12.843819,77.431815
C0745,12.834153,77.711325
C0746,12.921883,77.831104
C0747,12.920767,77.611662
C0748,13.110529,77.780062
C0749,13.157321,77.706313
C0750,13.063858,77.649379
C0751,13.041723,77.543643
C0752,12.897888,77.594288
C0753,12.956268,77.552699
C0754,13.034338,77.682917
C0755,12.979565,77.731197
C0756,12.868745,77.576696
C0757,12.907021,77.42204
C0758,12.964151,77.583345
C0759,13.107947,77.652918
C0760,12.879331,77.766009
C0761,13.081603,77.648415
C0762,12.951196,77.505901
C0763,12.938068,77.695254
C0764,13.141383,77.737272
C0765,12.92756,77.491092
C0766,12.984292,77.431109
C0767,13.000714,77.580954
C0768,12.929615,77.447171
C0769,13.01787,77.545352
C0770,12.866202,77.329061
C0771,12.969121,77.758443
C0772,13.121263,77.552342
C0773,12.917347,77.637938
C0774,12.881655,77.6225
C0775,13.040616,77.708029
C0776,12.962577,77.575771
C0777,12.892502,77.518156
C0778,12.951196,77.628563
C0779,13.053905,77.520347
C0780,13.106076,77.569535
C0781,12.969675,77.525521
C0782,12.7532,77.676329
C0783,13.037982,77.568591
C0784,12.977635,77.642298
C0785,12.83083,77.545689
C0786,13.043155,77.478642
C0787,12.998047,77.469185
C0788,13.013621,77.591305
C0789,12.826093,77.702279
C0790,12.905421,77.519693
C0791,12.989669,77.700791
C0792,12.880085,77.600302
C0793,13.010232,77.658677
C0794,12.987496,77.560669
C0795,12.897042,77.602564
C0796,12.875011,77.324523
C0797,13.01093,77.678168
C0798,12.758723,77.501251
C0799,13.02738,77.784814
C0800,12.973473,77.527297
C0801,12.955123,77.721706
C0802,12.913405,77.520715
C0803,12.92811,77.506465
C0804,12.982651,77.7448
C0805,13.000706,77.57127
C0806,12.945311,77.450084
C0807,13.051159,77.587404
C0808,12.955341,77.8898
C0809,12.998515,77.525097
C0810,12.933189,77.700773
C0811,12.981805,77.461632
C0812,13.054413,77.532831
C0813,13.140366,77.69445
C0814,12.931301,77.713029
C0815,12.977713,77.673438
C0816,13.01527,77.516355
C0817,12.913623,77.689819
C0818,12.94144,77.557283
C0819,12.885553,77.633761
C0820,13.157413,77.495907
C0821,12.973782,77.725159
C0822,12.964425,77.636421
C0823,12.875889,77.634197
C0824,12.95474,77.68573
C0825,13.078572,77.834003
C0826,13.023819,77.62472
C0827,12.989112,77.56195
C0828,13.002094,77.56729
C0829,12.986777,77.716411
C0830,12.88092,77.699981
C0831,13.090259,77.583685
C0832,12.780442,77.538407
C0833,13.088446,77.592486
C0834,12.881573,77.547934
C0835,13.047332,77.645145
C0836,12.950075,77.560687
C0837,12.936306,77.509324
C0838,13.117129,77.564802
C0839,13.081254,77.735245
C0840,13.061538,77.554697
C0841,13.007972,77.592363
C0842,12.890185,77.624587
C0843,12.86538,77.7044
C0844,12.929743,77.613197
C0845,12.997121,77.570664
C0846,13.024455,77.550696
C0847,13.050095,77.470165
C0848,12.982986,77.773853
C0849,12.88148,77.531943
C0850,13.017898,77.611202
C0851,13.003188,77.639825
C0852,13.028782,77.697191
C0853,13.008521,77.572296
C0854,13.032192,77.770243
C0855,12.959651,77.504505
C0856,13.071337,77.583471
C0857,12.775864,77.672944
C0858,12.923372,77.58623
C0859,13.001508,77.612212
C0860,13.035515,77.55434
C0861,13.017826,77.570605
C0862,13.03816,77.65149
C0863,12.887326,77.694998
C0864,12.923315,77.669304
C0865,13.004689,77.764539
C0866,12.951468,77.562306
C0867,12.96985,77.566571
C0868,13.043667,77.445173
C0869,12.876674,77.495882
C0870,13.057213,77.752745
C0871,12.96219,77.578993
C0872,12.977911,77.702015
C0873,12.888055,77.616637
C0874,13.059456,77.640926
C0875,12.988679,77.687146
C0876,12.728066,77.657269
C0877,12.912674,77.425359
C0878,13.017654,77.721594
C0879,12.959217,77.682693
C0880,13.11685,77.716163
C0881,13.119345,77.663209
C0882,12.978396,77.446499
C0883,12.949432,77.516642
C0884,13.16718,77.578339
C0885,12.9827,77.645584
C0886,12.975528,77.751306
C0887,12.915505,77.612591
C0888,12.904711,77.472565
C0889,12.916486,77.591176
C0890,12.932924,77.530586
C0891,12.844905,77.586917
C0892,12.83604,77.664867
C0893,12.979027,77.45985
C0894,12.943743,77.525064
C0895,13.000354,77.718524
C0896,12.802666,77.605234
C0897,12.957174,77.656665
C0898,12.990807,77.525081
C0899,12.942856,77.521008
C0900,13.068538,77.59657
