driver_id,orders,late_orders,late_rate_pct,ci_low_pct,ci_high_pct,verdict,in_naive_top10
D024,10,2,20.0,5.7,51.0,better than fleet (significant),False
D054,5,5,100.0,56.6,100.0,too few orders to judge,True
D001,8,7,87.5,52.9,97.8,too few orders to judge,True
D040,4,4,100.0,51.0,100.0,too few orders to judge,True
D065,4,4,100.0,51.0,100.0,too few orders to judge,True
D013,3,3,100.0,43.9,100.0,too few orders to judge,False
D023,3,3,100.0,43.9,100.0,too few orders to judge,False
D037,3,3,100.0,43.9,100.0,too few orders to judge,False
D104,3,3,100.0,43.9,100.0,too few orders to judge,False
D118,3,3,100.0,43.9,100.0,too few orders to judge,False
D063,5,4,80.0,37.6,96.4,too few orders to judge,True
D076,5,4,80.0,37.6,96.4,too few orders to judge,True
D117,5,4,80.0,37.6,96.4,too few orders to judge,True
D007,2,2,100.0,34.2,100.0,too few orders to judge,False
D011,2,2,100.0,34.2,100.0,too few orders to judge,False
D021,2,2,100.0,34.2,100.0,too few orders to judge,False
D045,2,2,100.0,34.2,100.0,too few orders to judge,False
D050,2,2,100.0,34.2,100.0,too few orders to judge,False
D061,2,2,100.0,34.2,100.0,too few orders to judge,False
D062,2,2,100.0,34.2,100.0,too few orders to judge,False
D074,2,2,100.0,34.2,100.0,too few orders to judge,False
D086,2,2,100.0,34.2,100.0,too few orders to judge,False
D090,2,2,100.0,34.2,100.0,too few orders to judge,False
D097,2,2,100.0,34.2,100.0,too few orders to judge,False
D105,2,2,100.0,34.2,100.0,too few orders to judge,False
D002,4,3,75.0,30.1,95.4,too few orders to judge,False
D029,4,3,75.0,30.1,95.4,too few orders to judge,False
D036,4,3,75.0,30.1,95.4,too few orders to judge,False
D059,4,3,75.0,30.1,95.4,too few orders to judge,False
D081,4,3,75.0,30.1,95.4,too few orders to judge,False
D017,6,4,66.7,30.0,90.3,too few orders to judge,True
D018,6,4,66.7,30.0,90.3,too few orders to judge,True
D067,6,4,66.7,30.0,90.3,too few orders to judge,True
D010,7,4,57.1,25.0,84.2,too few orders to judge,False
D056,7,4,57.1,25.0,84.2,too few orders to judge,False
D070,7,4,57.1,25.0,84.2,too few orders to judge,False
D015,5,3,60.0,23.1,88.2,too few orders to judge,False
D041,5,3,60.0,23.1,88.2,too few orders to judge,False
D049,5,3,60.0,23.1,88.2,too few orders to judge,False
D072,5,3,60.0,23.1,88.2,too few orders to judge,False
D089,5,3,60.0,23.1,88.2,too few orders to judge,False
D006,3,2,66.7,20.8,93.9,too few orders to judge,False
D030,3,2,66.7,20.8,93.9,too few orders to judge,False
D052,3,2,66.7,20.8,93.9,too few orders to judge,False
D057,3,2,66.7,20.8,93.9,too few orders to judge,False
D058,3,2,66.7,20.8,93.9,too few orders to judge,False
D060,3,2,66.7,20.8,93.9,too few orders to judge,False
D083,3,2,66.7,20.8,93.9,too few orders to judge,False
D088,3,2,66.7,20.8,93.9,too few orders to judge,False
D094,3,2,66.7,20.8,93.9,too few orders to judge,False
D099,3,2,66.7,20.8,93.9,too few orders to judge,False
D114,3,2,66.7,20.8,93.9,too few orders to judge,False
D120,3,2,66.7,20.8,93.9,too few orders to judge,False
D014,1,1,100.0,20.7,100.0,too few orders to judge,False
D047,1,1,100.0,20.7,100.0,too few orders to judge,False
D051,1,1,100.0,20.7,100.0,too few orders to judge,False
D053,1,1,100.0,20.7,100.0,too few orders to judge,False
D091,1,1,100.0,20.7,100.0,too few orders to judge,False
D096,1,1,100.0,20.7,100.0,too few orders to judge,False
D108,1,1,100.0,20.7,100.0,too few orders to judge,False
D022,6,3,50.0,18.8,81.2,too few orders to judge,False
D034,6,3,50.0,18.8,81.2,too few orders to judge,False
D003,4,2,50.0,15.0,85.0,too few orders to judge,False
D038,4,2,50.0,15.0,85.0,too few orders to judge,False
D068,4,2,50.0,15.0,85.0,too few orders to judge,False
D077,4,2,50.0,15.0,85.0,too few orders to judge,False
D092,4,2,50.0,15.0,85.0,too few orders to judge,False
D102,4,2,50.0,15.0,85.0,too few orders to judge,False
D112,4,2,50.0,15.0,85.0,too few orders to judge,False
D032,8,3,37.5,13.7,69.4,too few orders to judge,False
D064,8,3,37.5,13.7,69.4,too few orders to judge,False
D005,5,2,40.0,11.8,76.9,too few orders to judge,False
D048,5,2,40.0,11.8,76.9,too few orders to judge,False
D008,2,1,50.0,9.5,90.5,too few orders to judge,False
D019,2,1,50.0,9.5,90.5,too few orders to judge,False
D035,2,1,50.0,9.5,90.5,too few orders to judge,False
D042,2,1,50.0,9.5,90.5,too few orders to judge,False
D075,2,1,50.0,9.5,90.5,too few orders to judge,False
D085,2,1,50.0,9.5,90.5,too few orders to judge,False
D098,2,1,50.0,9.5,90.5,too few orders to judge,False
D106,2,1,50.0,9.5,90.5,too few orders to judge,False
D107,2,1,50.0,9.5,90.5,too few orders to judge,False
D100,7,2,28.6,8.2,64.1,too few orders to judge,False
D012,3,1,33.3,6.1,79.2,too few orders to judge,False
D016,3,1,33.3,6.1,79.2,too few orders to judge,False
D027,3,1,33.3,6.1,79.2,too few orders to judge,False
D044,3,1,33.3,6.1,79.2,too few orders to judge,False
D055,3,1,33.3,6.1,79.2,too few orders to judge,False
D066,3,1,33.3,6.1,79.2,too few orders to judge,False
D071,3,1,33.3,6.1,79.2,too few orders to judge,False
D078,3,1,33.3,6.1,79.2,too few orders to judge,False
D110,3,1,33.3,6.1,79.2,too few orders to judge,False
D004,4,1,25.0,4.6,69.9,too few orders to judge,False
D025,4,1,25.0,4.6,69.9,too few orders to judge,False
D046,4,1,25.0,4.6,69.9,too few orders to judge,False
D093,4,1,25.0,4.6,69.9,too few orders to judge,False
D095,4,1,25.0,4.6,69.9,too few orders to judge,False
D101,4,1,25.0,4.6,69.9,too few orders to judge,False
D009,1,0,0.0,0.0,79.3,too few orders to judge,False
D020,1,0,0.0,0.0,79.3,too few orders to judge,False
D028,3,0,0.0,0.0,56.1,too few orders to judge,False
D033,1,0,0.0,0.0,79.3,too few orders to judge,False
D039,1,0,0.0,0.0,79.3,too few orders to judge,False
D043,2,0,0.0,0.0,65.8,too few orders to judge,False
D069,1,0,0.0,0.0,79.3,too few orders to judge,False
D073,2,0,0.0,0.0,65.8,too few orders to judge,False
D079,1,0,0.0,0.0,79.3,too few orders to judge,False
D080,3,0,0.0,0.0,56.1,too few orders to judge,False
D082,2,0,0.0,0.0,65.8,too few orders to judge,False
D103,3,0,0.0,0.0,56.1,too few orders to judge,False
D109,2,0,0.0,0.0,65.8,too few orders to judge,False
D111,2,0,0.0,0.0,65.8,too few orders to judge,False
D113,2,0,0.0,0.0,65.8,too few orders to judge,False
D116,2,0,0.0,0.0,65.8,too few orders to judge,False
D119,2,0,0.0,0.0,65.8,too few orders to judge,False
