split,grace_min,orders,alerts,alert_rate_pct,late_orders,caught_late,false_alerts,precision_pct,recall_pct,median_lead_min,alerts_before_promise_pct
train,0,345,281,81.4,188,186,95,66.2,98.9,56.0,100.0
train,5,345,213,61.7,188,174,39,81.7,92.6,50.0,100.0
train,10,345,142,41.2,188,137,5,96.5,72.9,45.0,100.0
train,15,345,83,24.1,188,83,0,100.0,44.1,40.3,100.0
train,20,345,51,14.8,188,51,0,100.0,27.1,34.8,98.0
train,25,345,26,7.5,188,26,0,100.0,13.8,29.8,96.2
train,30,345,5,1.4,188,5,0,100.0,2.7,24.8,80.0
test,0,345,281,81.4,188,186,95,66.2,98.9,56.0,100.0
test,5,345,213,61.7,188,174,39,81.7,92.6,50.0,100.0
test,10,345,142,41.2,188,137,5,96.5,72.9,45.0,100.0
test,15,345,83,24.1,188,83,0,100.0,44.1,40.3,100.0
test,20,345,51,14.8,188,51,0,100.0,27.1,34.8,98.0
test,25,345,26,7.5,188,26,0,100.0,13.8,29.8,96.2
test,30,345,5,1.4,188,5,0,100.0,2.7,24.8,80.0
all,0,345,281,81.4,188,186,95,66.2,98.9,56.0,100.0
all,5,345,213,61.7,188,174,39,81.7,92.6,50.0,100.0
all,10,345,142,41.2,188,137,5,96.5,72.9,45.0,100.0
all,15,345,83,24.1,188,83,0,100.0,44.1,40.3,100.0
all,20,345,51,14.8,188,51,0,100.0,27.1,34.8,98.0
all,25,345,26,7.5,188,26,0,100.0,13.8,29.8,96.2
all,30,345,5,1.4,188,5,0,100.0,2.7,24.8,80.0
