eta_model_version,padding_min,orders,late_orders,late_rate_pct,on_time_rate_pct
all versions,0,345,188,54.5,45.5
all versions,5,345,128,37.1,62.9
all versions,10,345,75,21.7,78.3
all versions,15,345,43,12.5,87.5
all versions,20,345,21,6.1,93.9
all versions,25,345,7,2.0,98.0
all versions,30,345,0,0.0,100.0
eta-v3.1,0,171,86,50.3,49.7
eta-v3.1,5,171,58,33.9,66.1
eta-v3.1,10,171,33,19.3,80.7
eta-v3.1,15,171,19,11.1,88.9
eta-v3.1,20,171,12,7.0,93.0
eta-v3.1,25,171,4,2.3,97.7
eta-v3.1,30,171,0,0.0,100.0
eta-v3.2,0,174,102,58.6,41.4
eta-v3.2,5,174,70,40.2,59.8
eta-v3.2,10,174,42,24.1,75.9
eta-v3.2,15,174,24,13.8,86.2
eta-v3.2,20,174,9,5.2,94.8
eta-v3.2,25,174,3,1.7,98.3
eta-v3.2,30,174,0,0.0,100.0
