restaurant_id,orders,late_orders,late_rate_pct,ci_low_pct,ci_high_pct,verdict,in_naive_top10
R029,4,4,100.0,51.0,100.0,too few orders to judge,False
R041,7,6,85.7,48.7,97.4,too few orders to judge,True
R051,7,6,85.7,48.7,97.4,too few orders to judge,True
R044,3,3,100.0,43.9,100.0,too few orders to judge,False
R023,6,5,83.3,43.6,97.0,too few orders to judge,True
R011,8,6,75.0,40.9,92.9,too few orders to judge,True
R042,8,6,75.0,40.9,92.9,too few orders to judge,True
R052,8,6,75.0,40.9,92.9,too few orders to judge,True
R055,10,7,70.0,39.7,89.2,too few orders to judge,True
R024,5,4,80.0,37.6,96.4,too few orders to judge,False
R060,5,4,80.0,37.6,96.4,too few orders to judge,False
R031,7,5,71.4,35.9,91.8,too few orders to judge,False
R002,11,7,63.6,35.4,84.8,too few orders to judge,True
R017,9,6,66.7,35.4,87.9,too few orders to judge,True
R020,14,8,57.1,32.6,78.6,too few orders to judge,True
R004,8,5,62.5,30.6,86.3,too few orders to judge,False
R014,8,5,62.5,30.6,86.3,too few orders to judge,False
R015,8,5,62.5,30.6,86.3,too few orders to judge,False
R037,8,5,62.5,30.6,86.3,too few orders to judge,False
R021,4,3,75.0,30.1,95.4,too few orders to judge,False
R048,4,3,75.0,30.1,95.4,too few orders to judge,False
R049,4,3,75.0,30.1,95.4,too few orders to judge,False
R019,6,4,66.7,30.0,90.3,too few orders to judge,False
R045,6,4,66.7,30.0,90.3,too few orders to judge,False
R053,6,4,66.7,30.0,90.3,too few orders to judge,False
R025,7,4,57.1,25.0,84.2,too few orders to judge,False
R026,5,3,60.0,23.1,88.2,too few orders to judge,False
R035,5,3,60.0,23.1,88.2,too few orders to judge,False
R059,5,3,60.0,23.1,88.2,too few orders to judge,False
R016,8,4,50.0,21.5,78.5,too few orders to judge,False
R030,8,4,50.0,21.5,78.5,too few orders to judge,False
R050,8,4,50.0,21.5,78.5,too few orders to judge,False
R033,11,5,45.5,21.3,72.0,too few orders to judge,False
R003,3,2,66.7,20.8,93.9,too few orders to judge,False
R022,3,2,66.7,20.8,93.9,too few orders to judge,False
R040,3,2,66.7,20.8,93.9,too few orders to judge,False
R001,1,1,100.0,20.7,100.0,too few orders to judge,False
UNKNOWN,1,1,100.0,20.7,100.0,too few orders to judge,False
R008,6,3,50.0,18.8,81.2,too few orders to judge,False
R018,6,3,50.0,18.8,81.2,too few orders to judge,False
R028,6,3,50.0,18.8,81.2,too few orders to judge,False
R036,6,3,50.0,18.8,81.2,too few orders to judge,False
R057,6,3,50.0,18.8,81.2,too few orders to judge,False
R007,7,3,42.9,15.8,75.0,too few orders to judge,False
R043,4,2,50.0,15.0,85.0,too few orders to judge,False
R056,4,2,50.0,15.0,85.0,too few orders to judge,False
R046,8,3,37.5,13.7,69.4,too few orders to judge,False
R010,5,2,40.0,11.8,76.9,too few orders to judge,False
R013,5,2,40.0,11.8,76.9,too few orders to judge,False
R058,5,2,40.0,11.8,76.9,too few orders to judge,False
R047,10,3,30.0,10.8,60.3,too few orders to judge,False
R039,8,2,25.0,7.1,59.1,too few orders to judge,False
R006,9,2,22.2,6.3,54.7,too few orders to judge,False
R034,9,2,22.2,6.3,54.7,too few orders to judge,False
R012,3,1,33.3,6.1,79.2,too few orders to judge,False
R032,3,1,33.3,6.1,79.2,too few orders to judge,False
R005,4,1,25.0,4.6,69.9,too few orders to judge,False
R038,4,1,25.0,4.6,69.9,too few orders to judge,False
R027,8,1,12.5,2.2,47.1,too few orders to judge,False
R009,4,0,0.0,0.0,49.0,too few orders to judge,False
R054,3,0,0.0,0.0,56.1,too few orders to judge,False
