order_id,restaurant_id,driver_id,promised_eta,actual_delivery_at,delay_min,traffic_bucket,weather_bucket,distance_km_estimate,reassigned_flag,dq_flags
O01268,R045,D010,2026-08-06 20:11:36.000000,2026-08-06 20:41:25.341229,29.82,medium,heavy_rain,18.0,False,
O00808,R032,D071,2026-08-01 18:08:48.000000,2026-08-01 18:37:12.128398,28.4,low,clear,18.0,False,
O00874,R018,D008,2026-08-06 20:51:29.097055,2026-08-06 21:19:29.735858,28.01,medium,clear,17.47,False,
O00613,R023,D065,2026-08-01 20:09:11.598125,2026-08-01 20:36:22.506994,27.18,high,rain,10.81,False,
O00730,R036,D052,2026-08-04 13:03:24.000000,2026-08-04 13:30:31.284573,27.12,severe,clear,18.0,False,
O00565,R023,D073,2026-08-07 17:27:24.000000,2026-08-07 17:53:38.229136,26.24,severe,clear,18.0,False,
O00992,R053,D022,2026-08-04 13:54:16.308634,2026-08-04 14:19:38.514741,25.37,high,clear,4.42,False,
O00393,R054,D109,2026-08-08 00:46:06.000000,2026-08-08 01:10:59.732094,24.9,medium,rain,18.0,False,
O01307,R047,D097,2026-08-07 21:08:04.504406,2026-08-07 21:31:40.783435,23.6,medium,clear,7.75,False,
O01233,R012,D096,2026-08-05 19:49:47.230763,2026-08-05 20:13:10.543080,23.39,high,clear,4.18,True,CX-01;CX-03
